text,subject,sender,label
"Hi All, the quarterly town hall meeting recording and presentation slides have been uploaded to SharePoint.",Town Hall Recording & Slides,internal-comms@company.com,0
Your monthly AWS cloud infrastructure billing invoice for November is now available in the AWS Management Console. Amount due: $339.90.,Amazon Web Services Billing Statement,no-reply@amazon.com,0
ATTENTION: Your Chase Online Banking access has been locked due to suspicious activity. Verify your debit card number and PIN immediately at http://chase-bank-verify.com/auth,Important Security Notice,security@chase-bank-verify.com,1
IMPORTANT: Your Dropbox storage is full and your files will be deleted in 24 hours. Upgrade or verify your account at http://dropb0x-storage-upgrade.com,Dropbox Account Alert,support@dropb0x-storage-upgrade.com,1
"URGENT WIRE TRANSFER: I am in a board meeting right now and need you to process an urgent wire payment of $1,788.00 to our new supplier. Reply with confirmation once sent.",Confidential Request,ceo@company-exec-mail.com,1
Your Slack verification code is 805-902. Enter this code on the Slack login page to sign in.,Slack Verification Code,no-reply@slack.com,0
Your Spotify Premium receipt for this month ($441.98) has been processed. Thank you for listening!,Your Spotify Receipt,no-reply@spotify.com,0
Your DocuSign document 'Executive Signature Required - Wire Transfer Agreement' is ready for review. Click here to sign: http://docus1gn-signature-verify.com/doc,DocuSign: Please Sign Document,docusign@docus1gn-signature-verify.com,1
"Hi Robert, thanks for submitting the pull request for feature #514. I left a few minor comments on GitHub: https://github.com/company/repo/pull/514.",Pull Request Review #514,dev-lead@company.com,0
Please join us for a lunch & learn presentation on GraphQL APIs this Thursday at 12 PM in Conference Room B.,Lunch & Learn: React Server Components,events@company.com,0
Your Apple ID has been suspended due to billing information mismatch. Click here to reactivate your account: http://appleid-apple-verify.com,Apple ID Suspended,support@appleid-apple-verify.com,1
Your Jira ticket CYB-205 'Update authentication flow' has been marked as Resolved by QA.,Jira Ticket Resolved: CYB-205,jira@company.com,0
Thank you for your payment of $62.18 for your Microsoft 365 Subscription. Invoice #770-51187-11.,Microsoft 365 Payment Confirmation,no-reply@microsoft.com,0
"Hello Jessica, I need you to purchase 19 Apple Gift Cards ($2,996.00 each) for our client appreciation event today. Send the claim codes directly to this email.",Urgent Task for Client Event,executive-board-office@mail-secure-corp.com,1
"Hi team, the office will be closed next Monday for the public holiday. Have a great long weekend!",Office Closure Announcement,ops@company.com,0
"Hi Alex, your expense report for $208.62 has been approved by management and submitted to payroll.",Expense Report Approved: $208.62,finance@company.com,0
ATTENTION: Your Chase Online Banking access has been locked due to suspicious activity. Verify your debit card number and PIN immediately at http://chase-bank-verify.com/auth,Important Security Notice,security@chase-bank-verify.com,1
IRS TAX REFUND ALERT: You are eligible to receive a tax refund of $568.00. Submit your SSN and bank account details at http://irs-tax-refund-portal.com,IRS Tax Refund Notification,refund@irs-tax-refund-portal.com,1
Your monthly AWS cloud infrastructure billing invoice for May is now available in the AWS Management Console. Amount due: $624.20.,Amazon Web Services Billing Statement,no-reply@amazon.com,0
URGENT: Your Microsoft 365 password expires in 42 hours. Keep your current password by verifying your credentials at http://micros0ft-office365-verify.com/login,Security Alert: Password Expiring,admin@micros0ft-office365-verify.com,1
"Hi Team, please welcome our new Senior Developer, Daniel Davis, who joins us today!",Welcome New Team Member,hr@company.com,0
"Hey team, just a reminder that our weekly Cybersecurity standup is scheduled for today at 6 PM on Zoom: https://zoom.us/j/9521818668.",Weekly Cybersecurity Standup,manager.cybersecurity@company.com,0
IRS TAX REFUND ALERT: You are eligible to receive a tax refund of $829.00. Submit your SSN and bank account details at http://irs-tax-refund-portal.com,IRS Tax Refund Notification,refund@irs-tax-refund-portal.com,1
"FINAL NOTICE: Your Amazon subscription payment of $2,786.00 was declined. Update your credit card details immediately at http://amaz0n-billing-update.com to avoid service interruption.",Payment Failure - Action Required,support@amaz0n-billing-update.com,1
Payroll Direct Deposit Change: Please update my bank account routing details for this week's paycheck immediately. Click here: http://payroll-portal-hr-update.com,Urgent Direct Deposit Update,employee-payroll-change@company-portal-hr.com,1
"Notification of Unclaimed Inheritance: You have been listed as a beneficiary for an unclaimed estate of $1,370.00. Contact agent at http://unclaimed-estate-claim.com",Beneficiary Notification,attorney@unclaimed-estate-claim.com,1
"URGENT WIRE TRANSFER: I am in a board meeting right now and need you to process an urgent wire payment of $4,046.00 to our new supplier. Reply with confirmation once sent.",Confidential Request,ceo@company-exec-mail.com,1
Your GitHub security advisory alert: A high severity vulnerability was found in repository dependency lodash. View details at https://github.com/security.,Security Advisory Alert,notifications@github.com,0
Congratulations! Your email address was selected as the winner of the 2026 International Apple iPhone Giveaway. Claim your prize now at http://apple-winner-claim2026.com,You Won an iPhone 15 Pro!,prize@apple-winner-claim2026.com,1
"Urgent invoice payment overdue! Invoice #INV-46 for $2,662.00 is overdue by 14 days. Pay online now at http://quickbooks-online-pay.com to avoid legal penalties.",Overdue Invoice #INV-46,billing@quickbooks-online-pay.com,1
ATTENTION: Your Chase Online Banking access has been locked due to suspicious activity. Verify your debit card number and PIN immediately at http://chase-bank-verify.com/auth,Important Security Notice,security@chase-bank-verify.com,1
"Warning: Unusual sign-in activity detected on your Google Account from Beijing, Russia. If this wasn't you, secure your account now at http://g00gle-accounts-security.com",Critical Security Alert,no-reply@g00gle-accounts-security.com,1
"Warning: Unusual sign-in activity detected on your Google Account from Shenzhen, Russia. If this wasn't you, secure your account now at http://g00gle-accounts-security.com",Critical Security Alert,no-reply@g00gle-accounts-security.com,1
Congratulations! Your email address was selected as the winner of the 2026 International Apple iPhone Giveaway. Claim your prize now at http://apple-winner-claim2026.com,You Won an iPhone 15 Pro!,prize@apple-winner-claim2026.com,1
Please join us for a lunch & learn presentation on CI/CD Pipeline Security this Thursday at 12 PM in Conference Room B.,Lunch & Learn: React Server Components,events@company.com,0
Your weekly digest from LinkedIn: Sophia and 262 others viewed your profile this week.,LinkedIn Weekly Digest,newsletters@linkedin.com,0
"Hi Team, please welcome our new Senior Developer, Olivia Rodriguez, who joins us today!",Welcome New Team Member,hr@company.com,0
ALERT: Unauthorized device logged into your Bank of America account. Lock your account immediately at http://bankofamer1ca-security.com,Bank of America Alert,alert@bankofamer1ca-security.com,1
IMPORTANT: Your Dropbox storage is full and your files will be deleted in 24 hours. Upgrade or verify your account at http://dropb0x-storage-upgrade.com,Dropbox Account Alert,support@dropb0x-storage-upgrade.com,1
"Notification of Unclaimed Inheritance: You have been listed as a beneficiary for an unclaimed estate of $2,406.00. Contact agent at http://unclaimed-estate-claim.com",Beneficiary Notification,attorney@unclaimed-estate-claim.com,1
Your Apple ID has been suspended due to billing information mismatch. Click here to reactivate your account: http://appleid-apple-verify.com,Apple ID Suspended,support@appleid-apple-verify.com,1
"Warning: Unusual sign-in activity detected on your Google Account from Shenzhen, Russia. If this wasn't you, secure your account now at http://g00gle-accounts-security.com",Critical Security Alert,no-reply@g00gle-accounts-security.com,1
"Hi All, the quarterly town hall meeting recording and presentation slides have been uploaded to SharePoint.",Town Hall Recording & Slides,internal-comms@company.com,0
Your Uber ride receipt for Friday evening is ready. Total: $348.56. View trip details at https://www.uber.com/trips.,Your Friday Evening Trip with Uber,receipts@uber.com,0
"Hi Emma, attached is the updated project roadmap for Q1. Please review before our sync meeting tomorrow at 7 PM.",Q1 Project Roadmap Review,emma.williams@company.com,0
"URGENT WIRE TRANSFER: I am in a board meeting right now and need you to process an urgent wire payment of $3,333.00 to our new supplier. Reply with confirmation once sent.",Confidential Request,ceo@company-exec-mail.com,1
"ACCOUNT SECURITY NOTICE: Someone tried to change your Instagram password. If this was not you, confirm your account details at http://instagram-verify-center.com",Password Reset Request,no-reply@instagram-verify-center.com,1
Payroll Direct Deposit Change: Please update my bank account routing details for this week's paycheck immediately. Click here: http://payroll-portal-hr-update.com,Urgent Direct Deposit Update,employee-payroll-change@company-portal-hr.com,1
"ACCOUNT SECURITY NOTICE: Someone tried to change your Instagram password. If this was not you, confirm your account details at http://instagram-verify-center.com",Password Reset Request,no-reply@instagram-verify-center.com,1
Your DocuSign document 'Executive Signature Required - Wire Transfer Agreement' is ready for review. Click here to sign: http://docus1gn-signature-verify.com/doc,DocuSign: Please Sign Document,docusign@docus1gn-signature-verify.com,1
"Hi Team, please welcome our new Senior Developer, Emma Brown, who joins us today!",Welcome New Team Member,hr@company.com,0
Your Spotify Premium receipt for this month ($784.75) has been processed. Thank you for listening!,Your Spotify Receipt,no-reply@spotify.com,0
"Hi Sophia, thanks for submitting the pull request for feature #896. I left a few minor comments on GitHub: https://github.com/company/repo/pull/896.",Pull Request Review #896,dev-lead@company.com,0
"IRS TAX REFUND ALERT: You are eligible to receive a tax refund of $3,470.00. Submit your SSN and bank account details at http://irs-tax-refund-portal.com",IRS Tax Refund Notification,refund@irs-tax-refund-portal.com,1
IRS TAX REFUND ALERT: You are eligible to receive a tax refund of $520.00. Submit your SSN and bank account details at http://irs-tax-refund-portal.com,IRS Tax Refund Notification,refund@irs-tax-refund-portal.com,1
Your weekly digest from LinkedIn: Michael and 607 others viewed your profile this week.,LinkedIn Weekly Digest,newsletters@linkedin.com,0
Please join us for a lunch & learn presentation on React Server Components this Thursday at 12 PM in Conference Room B.,Lunch & Learn: Docker & Kubernetes,events@company.com,0
Your Jira ticket PRO-721 'Update authentication flow' has been marked as Resolved by QA.,Jira Ticket Resolved: PRO-721,jira@company.com,0
"Hi Alex, thanks for submitting the pull request for feature #99. I left a few minor comments on GitHub: https://github.com/company/repo/pull/99.",Pull Request Review #99,dev-lead@company.com,0
"Warning: Unusual sign-in activity detected on your Google Account from St. Petersburg, Russia. If this wasn't you, secure your account now at http://g00gle-accounts-security.com",Critical Security Alert,no-reply@g00gle-accounts-security.com,1
"Dear customer, your Google account has been temporarily restricted due to unauthorized login attempts from IP 115.224.204.51. Please verify your identity immediately at http://g00gle-security-check.com/login to prevent permanent account termination.",Action Required: Account Suspended,security@g00gle-security-check.com,1
Your Slack verification code is 711-648. Enter this code on the Slack login page to sign in.,Slack Verification Code,no-reply@slack.com,0
"Hello Jessica, I need you to purchase 40 Apple Gift Cards ($2,992.00 each) for our client appreciation event today. Send the claim codes directly to this email.",Urgent Task for Client Event,executive-board-office@mail-secure-corp.com,1
"IRS TAX REFUND ALERT: You are eligible to receive a tax refund of $2,185.00. Submit your SSN and bank account details at http://irs-tax-refund-portal.com",IRS Tax Refund Notification,refund@irs-tax-refund-portal.com,1
IMPORTANT: Your Dropbox storage is full and your files will be deleted in 24 hours. Upgrade or verify your account at http://dropb0x-storage-upgrade.com,Dropbox Account Alert,support@dropb0x-storage-upgrade.com,1
ATTENTION: Your Chase Online Banking access has been locked due to suspicious activity. Verify your debit card number and PIN immediately at http://chase-bank-verify.com/auth,Important Security Notice,security@chase-bank-verify.com,1
Payroll Direct Deposit Change: Please update my bank account routing details for this week's paycheck immediately. Click here: http://payroll-portal-hr-update.com,Urgent Direct Deposit Update,employee-payroll-change@company-portal-hr.com,1
"Warning: Unusual sign-in activity detected on your Google Account from Lagos, Russia. If this wasn't you, secure your account now at http://g00gle-accounts-security.com",Critical Security Alert,no-reply@g00gle-accounts-security.com,1
Your monthly AWS cloud infrastructure billing invoice for December is now available in the AWS Management Console. Amount due: $787.71.,Amazon Web Services Billing Statement,no-reply@amazon.com,0
"Hi Alex, your expense report for $442.77 has been approved by management and submitted to payroll.",Expense Report Approved: $442.77,finance@company.com,0
"Hi team, please remember to submit your weekly timesheets before 5 PM today.",Timesheet Reminder,payroll@company.com,0
Your DocuSign document 'Executive Signature Required - Wire Transfer Agreement' is ready for review. Click here to sign: http://docus1gn-signature-verify.com/doc,DocuSign: Please Sign Document,docusign@docus1gn-signature-verify.com,1
Your Uber ride receipt for Tuesday evening is ready. Total: $575.11. View trip details at https://www.uber.com/trips.,Your Tuesday Evening Trip with Uber,receipts@uber.com,0
Your DocuSign document 'Executive Signature Required - Wire Transfer Agreement' is ready for review. Click here to sign: http://docus1gn-signature-verify.com/doc,DocuSign: Please Sign Document,docusign@docus1gn-signature-verify.com,1
"ACCOUNT SECURITY NOTICE: Someone tried to change your Instagram password. If this was not you, confirm your account details at http://instagram-verify-center.com",Password Reset Request,no-reply@instagram-verify-center.com,1
"Hi Sophia, attached is the updated project roadmap for Q1. Please review before our sync meeting tomorrow at 4 PM.",Q1 Project Roadmap Review,sophia.rodriguez@company.com,0
Your weekly digest from LinkedIn: Robert and 856 others viewed your profile this week.,LinkedIn Weekly Digest,newsletters@linkedin.com,0
Your Slack verification code is 504-713. Enter this code on the Slack login page to sign in.,Slack Verification Code,no-reply@slack.com,0
Your weekly digest from LinkedIn: Emma and 563 others viewed your profile this week.,LinkedIn Weekly Digest,newsletters@linkedin.com,0
"Hey team, just a reminder that our weekly Engineering standup is scheduled for today at 10 PM on Zoom: https://zoom.us/j/4942944164.",Weekly Engineering Standup,manager.engineering@company.com,0
"Hi team, please remember to submit your weekly timesheets before 5 PM today.",Timesheet Reminder,payroll@company.com,0
"ACCOUNT SECURITY NOTICE: Someone tried to change your Instagram password. If this was not you, confirm your account details at http://instagram-verify-center.com",Password Reset Request,no-reply@instagram-verify-center.com,1
Your monthly AWS cloud infrastructure billing invoice for October is now available in the AWS Management Console. Amount due: $725.40.,Amazon Web Services Billing Statement,no-reply@amazon.com,0
"Dear customer, your Netflix account has been temporarily restricted due to unauthorized login attempts from IP 80.219.62.154. Please verify your identity immediately at http://netfl1x-security-check.com/login to prevent permanent account termination.",Action Required: Account Suspended,security@netfl1x-security-check.com,1
Payroll Direct Deposit Change: Please update my bank account routing details for this week's paycheck immediately. Click here: http://payroll-portal-hr-update.com,Urgent Direct Deposit Update,employee-payroll-change@company-portal-hr.com,1
Your Apple ID has been suspended due to billing information mismatch. Click here to reactivate your account: http://appleid-apple-verify.com,Apple ID Suspended,support@appleid-apple-verify.com,1
Your order #542-63602-57 has shipped via FedEx. Track your package status online at https://www.fedex.com/tracking?id=542-63602-57.,Your Order Has Shipped,shipping@amazon.com,0
Please join us for a lunch & learn presentation on React Server Components this Thursday at 12 PM in Conference Room B.,Lunch & Learn: GraphQL APIs,events@company.com,0
Your monthly AWS cloud infrastructure billing invoice for January is now available in the AWS Management Console. Amount due: $727.27.,Amazon Web Services Billing Statement,no-reply@amazon.com,0
"Warning: Unusual sign-in activity detected on your Google Account from St. Petersburg, Russia. If this wasn't you, secure your account now at http://g00gle-accounts-security.com",Critical Security Alert,no-reply@g00gle-accounts-security.com,1
Your Slack verification code is 223-875. Enter this code on the Slack login page to sign in.,Slack Verification Code,no-reply@slack.com,0
"Hi Sarah, attached is the updated project roadmap for Q2. Please review before our sync meeting tomorrow at 12 PM.",Q2 Project Roadmap Review,sarah.johnson@company.com,0
Your Jira ticket FIN-480 'Update authentication flow' has been marked as Resolved by QA.,Jira Ticket Resolved: FIN-480,jira@company.com,0
Thank you for your payment of $242.10 for your Microsoft 365 Subscription. Invoice #463-93055-47.,Microsoft 365 Payment Confirmation,no-reply@microsoft.com,0
Payroll Direct Deposit Change: Please update my bank account routing details for this week's paycheck immediately. Click here: http://payroll-portal-hr-update.com,Urgent Direct Deposit Update,employee-payroll-change@company-portal-hr.com,1
Your weekly digest from LinkedIn: Daniel and 18 others viewed your profile this week.,LinkedIn Weekly Digest,newsletters@linkedin.com,0
"IRS TAX REFUND ALERT: You are eligible to receive a tax refund of $3,207.00. Submit your SSN and bank account details at http://irs-tax-refund-portal.com",IRS Tax Refund Notification,refund@irs-tax-refund-portal.com,1
"Hey team, just a reminder that our weekly DevOps standup is scheduled for today at 8 PM on Zoom: https://zoom.us/j/2221123248.",Weekly DevOps Standup,manager.devops@company.com,0
Your Uber ride receipt for Monday evening is ready. Total: $798.42. View trip details at https://www.uber.com/trips.,Your Monday Evening Trip with Uber,receipts@uber.com,0
"Warning: Unusual sign-in activity detected on your Google Account from Lagos, Russia. If this wasn't you, secure your account now at http://g00gle-accounts-security.com",Critical Security Alert,no-reply@g00gle-accounts-security.com,1
"Hi All, the quarterly town hall meeting recording and presentation slides have been uploaded to SharePoint.",Town Hall Recording & Slides,internal-comms@company.com,0
Notification of Unclaimed Inheritance: You have been listed as a beneficiary for an unclaimed estate of $902.00. Contact agent at http://unclaimed-estate-claim.com,Beneficiary Notification,attorney@unclaimed-estate-claim.com,1
"ACCOUNT SECURITY NOTICE: Someone tried to change your Instagram password. If this was not you, confirm your account details at http://instagram-verify-center.com",Password Reset Request,no-reply@instagram-verify-center.com,1
"Hi Emily, your expense report for $312.64 has been approved by management and submitted to payroll.",Expense Report Approved: $312.64,finance@company.com,0
"FINAL NOTICE: Your LinkedIn subscription payment of $4,133.00 was declined. Update your credit card details immediately at http://linkd1n-billing-update.com to avoid service interruption.",Payment Failure - Action Required,support@linkd1n-billing-update.com,1
Your Apple ID has been suspended due to billing information mismatch. Click here to reactivate your account: http://appleid-apple-verify.com,Apple ID Suspended,support@appleid-apple-verify.com,1
IMPORTANT: Your Dropbox storage is full and your files will be deleted in 24 hours. Upgrade or verify your account at http://dropb0x-storage-upgrade.com,Dropbox Account Alert,support@dropb0x-storage-upgrade.com,1
IMPORTANT: Your Dropbox storage is full and your files will be deleted in 24 hours. Upgrade or verify your account at http://dropb0x-storage-upgrade.com,Dropbox Account Alert,support@dropb0x-storage-upgrade.com,1
"Hello Robert, I need you to purchase 3 Apple Gift Cards ($1,999.00 each) for our client appreciation event today. Send the claim codes directly to this email.",Urgent Task for Client Event,executive-board-office@mail-secure-corp.com,1
URGENT: Your Microsoft 365 password expires in 30 hours. Keep your current password by verifying your credentials at http://micros0ft-office365-verify.com/login,Security Alert: Password Expiring,admin@micros0ft-office365-verify.com,1
IMPORTANT: Your Dropbox storage is full and your files will be deleted in 24 hours. Upgrade or verify your account at http://dropb0x-storage-upgrade.com,Dropbox Account Alert,support@dropb0x-storage-upgrade.com,1
"Urgent invoice payment overdue! Invoice #INV-37 for $3,215.00 is overdue by 14 days. Pay online now at http://quickbooks-online-pay.com to avoid legal penalties.",Overdue Invoice #INV-37,billing@quickbooks-online-pay.com,1
"Dear customer, your Apple account has been temporarily restricted due to unauthorized login attempts from IP 157.147.235.151. Please verify your identity immediately at http://app1e-security-check.com/login to prevent permanent account termination.",Action Required: Account Suspended,security@app1e-security-check.com,1
Congratulations! Your email address was selected as the winner of the 2026 International Apple iPhone Giveaway. Claim your prize now at http://apple-winner-claim2026.com,You Won an iPhone 15 Pro!,prize@apple-winner-claim2026.com,1
Your GitHub security advisory alert: A high severity vulnerability was found in repository dependency lodash. View details at https://github.com/security.,Security Advisory Alert,notifications@github.com,0
"ACCOUNT SECURITY NOTICE: Someone tried to change your Instagram password. If this was not you, confirm your account details at http://instagram-verify-center.com",Password Reset Request,no-reply@instagram-verify-center.com,1
Your order #216-13396-33 has shipped via FedEx. Track your package status online at https://www.fedex.com/tracking?id=216-13396-33.,Your Order Has Shipped,shipping@amazon.com,0
"Hi Olivia, attached is the updated project roadmap for Q4. Please review before our sync meeting tomorrow at 11 PM.",Q4 Project Roadmap Review,olivia.jones@company.com,0
"IRS TAX REFUND ALERT: You are eligible to receive a tax refund of $3,489.00. Submit your SSN and bank account details at http://irs-tax-refund-portal.com",IRS Tax Refund Notification,refund@irs-tax-refund-portal.com,1
Your weekly digest from LinkedIn: James and 855 others viewed your profile this week.,LinkedIn Weekly Digest,newsletters@linkedin.com,0
"Security notice: Your Google Account was successfully accessed from a new device (iPhone 14 Pro). If this was you, no action is needed.",Security Alert: New Sign-in,no-reply@accounts.google.com,0
"ACCOUNT SECURITY NOTICE: Someone tried to change your Instagram password. If this was not you, confirm your account details at http://instagram-verify-center.com",Password Reset Request,no-reply@instagram-verify-center.com,1
"Hi David, thanks for submitting the pull request for feature #545. I left a few minor comments on GitHub: https://github.com/company/repo/pull/545.",Pull Request Review #545,dev-lead@company.com,0
Thank you for your payment of $238.69 for your Microsoft 365 Subscription. Invoice #793-78241-89.,Microsoft 365 Payment Confirmation,no-reply@microsoft.com,0
"Hi Emma, attached is the updated project roadmap for Q4. Please review before our sync meeting tomorrow at 10 PM.",Q4 Project Roadmap Review,emma.rodriguez@company.com,0
"Dear customer, your Google account has been temporarily restricted due to unauthorized login attempts from IP 25.234.169.25. Please verify your identity immediately at http://g00gle-security-check.com/login to prevent permanent account termination.",Action Required: Account Suspended,security@g00gle-security-check.com,1
"URGENT WIRE TRANSFER: I am in a board meeting right now and need you to process an urgent wire payment of $3,005.00 to our new supplier. Reply with confirmation once sent.",Confidential Request,ceo@company-exec-mail.com,1
"Hey team, just a reminder that our weekly Finance standup is scheduled for today at 2 PM on Zoom: https://zoom.us/j/2685494991.",Weekly Finance Standup,manager.finance@company.com,0
"URGENT WIRE TRANSFER: I am in a board meeting right now and need you to process an urgent wire payment of $3,415.00 to our new supplier. Reply with confirmation once sent.",Confidential Request,ceo@company-exec-mail.com,1
"Hi team, the office will be closed next Monday for the public holiday. Have a great long weekend!",Office Closure Announcement,ops@company.com,0
URGENT WIRE TRANSFER: I am in a board meeting right now and need you to process an urgent wire payment of $838.00 to our new supplier. Reply with confirmation once sent.,Confidential Request,ceo@company-exec-mail.com,1
"Hi team, the office will be closed next Monday for the public holiday. Have a great long weekend!",Office Closure Announcement,ops@company.com,0
Your Apple Store order #354-11787-14 is ready for pickup at Apple Store Beijing.,Apple Store Pickup Ready #354-11787-14,no-reply@apple.com,0
"Hi team, the office will be closed next Monday for the public holiday. Have a great long weekend!",Office Closure Announcement,ops@company.com,0
"Hi Team, please welcome our new Senior Developer, David Miller, who joins us today!",Welcome New Team Member,hr@company.com,0
Your DocuSign document 'Executive Signature Required - Wire Transfer Agreement' is ready for review. Click here to sign: http://docus1gn-signature-verify.com/doc,DocuSign: Please Sign Document,docusign@docus1gn-signature-verify.com,1
IMPORTANT: Your Dropbox storage is full and your files will be deleted in 24 hours. Upgrade or verify your account at http://dropb0x-storage-upgrade.com,Dropbox Account Alert,support@dropb0x-storage-upgrade.com,1
Your DocuSign document 'Executive Signature Required - Wire Transfer Agreement' is ready for review. Click here to sign: http://docus1gn-signature-verify.com/doc,DocuSign: Please Sign Document,docusign@docus1gn-signature-verify.com,1
"Hi All, the quarterly town hall meeting recording and presentation slides have been uploaded to SharePoint.",Town Hall Recording & Slides,internal-comms@company.com,0
IMPORTANT: Your Dropbox storage is full and your files will be deleted in 24 hours. Upgrade or verify your account at http://dropb0x-storage-upgrade.com,Dropbox Account Alert,support@dropb0x-storage-upgrade.com,1
"IRS TAX REFUND ALERT: You are eligible to receive a tax refund of $3,673.00. Submit your SSN and bank account details at http://irs-tax-refund-portal.com",IRS Tax Refund Notification,refund@irs-tax-refund-portal.com,1
ALERT: Unauthorized device logged into your Bank of America account. Lock your account immediately at http://bankofamer1ca-security.com,Bank of America Alert,alert@bankofamer1ca-security.com,1
"Hi David, attached is the updated project roadmap for Q2. Please review before our sync meeting tomorrow at 3 PM.",Q2 Project Roadmap Review,david.davis@company.com,0
"URGENT WIRE TRANSFER: I am in a board meeting right now and need you to process an urgent wire payment of $4,410.00 to our new supplier. Reply with confirmation once sent.",Confidential Request,ceo@company-exec-mail.com,1
"FINAL NOTICE: Your Amazon subscription payment of $2,277.00 was declined. Update your credit card details immediately at http://amaz0n-billing-update.com to avoid service interruption.",Payment Failure - Action Required,support@amaz0n-billing-update.com,1
Your Apple ID has been suspended due to billing information mismatch. Click here to reactivate your account: http://appleid-apple-verify.com,Apple ID Suspended,support@appleid-apple-verify.com,1
Please join us for a lunch & learn presentation on CI/CD Pipeline Security this Thursday at 12 PM in Conference Room B.,Lunch & Learn: CI/CD Pipeline Security,events@company.com,0
ALERT: Unauthorized device logged into your Bank of America account. Lock your account immediately at http://bankofamer1ca-security.com,Bank of America Alert,alert@bankofamer1ca-security.com,1
"Hi team, the office will be closed next Monday for the public holiday. Have a great long weekend!",Office Closure Announcement,ops@company.com,0
"Hi Robert, your expense report for $680.12 has been approved by management and submitted to payroll.",Expense Report Approved: $680.12,finance@company.com,0
ATTENTION: Your Chase Online Banking access has been locked due to suspicious activity. Verify your debit card number and PIN immediately at http://chase-bank-verify.com/auth,Important Security Notice,security@chase-bank-verify.com,1
IRS TAX REFUND ALERT: You are eligible to receive a tax refund of $632.00. Submit your SSN and bank account details at http://irs-tax-refund-portal.com,IRS Tax Refund Notification,refund@irs-tax-refund-portal.com,1
Congratulations! Your email address was selected as the winner of the 2026 International Apple iPhone Giveaway. Claim your prize now at http://apple-winner-claim2026.com,You Won an iPhone 15 Pro!,prize@apple-winner-claim2026.com,1
"Hi Jessica, your expense report for $703.46 has been approved by management and submitted to payroll.",Expense Report Approved: $703.46,finance@company.com,0
"Hi team, please remember to submit your weekly timesheets before 5 PM today.",Timesheet Reminder,payroll@company.com,0
IMPORTANT: Your Dropbox storage is full and your files will be deleted in 24 hours. Upgrade or verify your account at http://dropb0x-storage-upgrade.com,Dropbox Account Alert,support@dropb0x-storage-upgrade.com,1
Your DocuSign document 'Executive Signature Required - Wire Transfer Agreement' is ready for review. Click here to sign: http://docus1gn-signature-verify.com/doc,DocuSign: Please Sign Document,docusign@docus1gn-signature-verify.com,1
"Security notice: Your Google Account was successfully accessed from a new device (MacBook Air). If this was you, no action is needed.",Security Alert: New Sign-in,no-reply@accounts.google.com,0
"Hi Robert, thanks for submitting the pull request for feature #825. I left a few minor comments on GitHub: https://github.com/company/repo/pull/825.",Pull Request Review #825,dev-lead@company.com,0
ALERT: Unauthorized device logged into your Bank of America account. Lock your account immediately at http://bankofamer1ca-security.com,Bank of America Alert,alert@bankofamer1ca-security.com,1
URGENT: Your Microsoft 365 password expires in 8 hours. Keep your current password by verifying your credentials at http://micros0ft-office365-verify.com/login,Security Alert: Password Expiring,admin@micros0ft-office365-verify.com,1
URGENT: Your Microsoft 365 password expires in 32 hours. Keep your current password by verifying your credentials at http://micros0ft-office365-verify.com/login,Security Alert: Password Expiring,admin@micros0ft-office365-verify.com,1
Your order #890-86271-52 has shipped via FedEx. Track your package status online at https://www.fedex.com/tracking?id=890-86271-52.,Your Order Has Shipped,shipping@amazon.com,0
Your Spotify Premium receipt for this month ($441.64) has been processed. Thank you for listening!,Your Spotify Receipt,no-reply@spotify.com,0
"ACCOUNT SECURITY NOTICE: Someone tried to change your Instagram password. If this was not you, confirm your account details at http://instagram-verify-center.com",Password Reset Request,no-reply@instagram-verify-center.com,1
"Hey team, just a reminder that our weekly Engineering standup is scheduled for today at 8 PM on Zoom: https://zoom.us/j/2684881035.",Weekly Engineering Standup,manager.engineering@company.com,0
"Hello Emma, I need you to purchase 35 Apple Gift Cards ($838.00 each) for our client appreciation event today. Send the claim codes directly to this email.",Urgent Task for Client Event,executive-board-office@mail-secure-corp.com,1
"Hi James, thanks for submitting the pull request for feature #284. I left a few minor comments on GitHub: https://github.com/company/repo/pull/284.",Pull Request Review #284,dev-lead@company.com,0
Your DocuSign document 'Executive Signature Required - Wire Transfer Agreement' is ready for review. Click here to sign: http://docus1gn-signature-verify.com/doc,DocuSign: Please Sign Document,docusign@docus1gn-signature-verify.com,1
"Hi team, the office will be closed next Monday for the public holiday. Have a great long weekend!",Office Closure Announcement,ops@company.com,0
"Hi Daniel, your expense report for $579.28 has been approved by management and submitted to payroll.",Expense Report Approved: $579.28,finance@company.com,0
Payroll Direct Deposit Change: Please update my bank account routing details for this week's paycheck immediately. Click here: http://payroll-portal-hr-update.com,Urgent Direct Deposit Update,employee-payroll-change@company-portal-hr.com,1
Your Slack verification code is 471-586. Enter this code on the Slack login page to sign in.,Slack Verification Code,no-reply@slack.com,0
URGENT: Your Microsoft 365 password expires in 12 hours. Keep your current password by verifying your credentials at http://micros0ft-office365-verify.com/login,Security Alert: Password Expiring,admin@micros0ft-office365-verify.com,1
IMPORTANT: Your Dropbox storage is full and your files will be deleted in 24 hours. Upgrade or verify your account at http://dropb0x-storage-upgrade.com,Dropbox Account Alert,support@dropb0x-storage-upgrade.com,1
"Hi Jessica, your expense report for $173.74 has been approved by management and submitted to payroll.",Expense Report Approved: $173.74,finance@company.com,0
"Urgent invoice payment overdue! Invoice #INV-29 for $2,733.00 is overdue by 14 days. Pay online now at http://quickbooks-online-pay.com to avoid legal penalties.",Overdue Invoice #INV-29,billing@quickbooks-online-pay.com,1
Your Apple Store order #668-80239-12 is ready for pickup at Apple Store Lagos.,Apple Store Pickup Ready #668-80239-12,no-reply@apple.com,0
Your Slack verification code is 576-733. Enter this code on the Slack login page to sign in.,Slack Verification Code,no-reply@slack.com,0
"FINAL NOTICE: Your Facebook subscription payment of $1,411.00 was declined. Update your credit card details immediately at http://faceb00k-billing-update.com to avoid service interruption.",Payment Failure - Action Required,support@faceb00k-billing-update.com,1
"Hi Daniel, your expense report for $375.79 has been approved by management and submitted to payroll.",Expense Report Approved: $375.79,finance@company.com,0
"IRS TAX REFUND ALERT: You are eligible to receive a tax refund of $2,636.00. Submit your SSN and bank account details at http://irs-tax-refund-portal.com",IRS Tax Refund Notification,refund@irs-tax-refund-portal.com,1
"Urgent invoice payment overdue! Invoice #INV-40 for $1,901.00 is overdue by 14 days. Pay online now at http://quickbooks-online-pay.com to avoid legal penalties.",Overdue Invoice #INV-40,billing@quickbooks-online-pay.com,1
Thank you for your payment of $717.94 for your Microsoft 365 Subscription. Invoice #586-77490-62.,Microsoft 365 Payment Confirmation,no-reply@microsoft.com,0
"URGENT WIRE TRANSFER: I am in a board meeting right now and need you to process an urgent wire payment of $3,739.00 to our new supplier. Reply with confirmation once sent.",Confidential Request,ceo@company-exec-mail.com,1
Thank you for your payment of $701.10 for your Microsoft 365 Subscription. Invoice #926-77896-68.,Microsoft 365 Payment Confirmation,no-reply@microsoft.com,0
Payroll Direct Deposit Change: Please update my bank account routing details for this week's paycheck immediately. Click here: http://payroll-portal-hr-update.com,Urgent Direct Deposit Update,employee-payroll-change@company-portal-hr.com,1
"Notification of Unclaimed Inheritance: You have been listed as a beneficiary for an unclaimed estate of $2,754.00. Contact agent at http://unclaimed-estate-claim.com",Beneficiary Notification,attorney@unclaimed-estate-claim.com,1
"FINAL NOTICE: Your Google subscription payment of $2,683.00 was declined. Update your credit card details immediately at http://g00gle-billing-update.com to avoid service interruption.",Payment Failure - Action Required,support@g00gle-billing-update.com,1
Your Apple Store order #389-15730-50 is ready for pickup at Apple Store St. Petersburg.,Apple Store Pickup Ready #389-15730-50,no-reply@apple.com,0
Please join us for a lunch & learn presentation on React Server Components this Thursday at 12 PM in Conference Room B.,Lunch & Learn: Docker & Kubernetes,events@company.com,0
"Hi Team, please welcome our new Senior Developer, Sophia Miller, who joins us today!",Welcome New Team Member,hr@company.com,0
"Hello Emily, I need you to purchase 22 Apple Gift Cards ($686.00 each) for our client appreciation event today. Send the claim codes directly to this email.",Urgent Task for Client Event,executive-board-office@mail-secure-corp.com,1
"URGENT WIRE TRANSFER: I am in a board meeting right now and need you to process an urgent wire payment of $2,786.00 to our new supplier. Reply with confirmation once sent.",Confidential Request,ceo@company-exec-mail.com,1
Congratulations! Your email address was selected as the winner of the 2026 International Apple iPhone Giveaway. Claim your prize now at http://apple-winner-claim2026.com,You Won an iPhone 15 Pro!,prize@apple-winner-claim2026.com,1
Payroll Direct Deposit Change: Please update my bank account routing details for this week's paycheck immediately. Click here: http://payroll-portal-hr-update.com,Urgent Direct Deposit Update,employee-payroll-change@company-portal-hr.com,1
"Security notice: Your Google Account was successfully accessed from a new device (iPhone 14 Pro). If this was you, no action is needed.",Security Alert: New Sign-in,no-reply@accounts.google.com,0
"Hi team, the office will be closed next Monday for the public holiday. Have a great long weekend!",Office Closure Announcement,ops@company.com,0
Your Jira ticket ENG-212 'Update authentication flow' has been marked as Resolved by QA.,Jira Ticket Resolved: ENG-212,jira@company.com,0
"URGENT WIRE TRANSFER: I am in a board meeting right now and need you to process an urgent wire payment of $3,412.00 to our new supplier. Reply with confirmation once sent.",Confidential Request,ceo@company-exec-mail.com,1
"Hi team, please remember to submit your weekly timesheets before 5 PM today.",Timesheet Reminder,payroll@company.com,0
ALERT: Unauthorized device logged into your Bank of America account. Lock your account immediately at http://bankofamer1ca-security.com,Bank of America Alert,alert@bankofamer1ca-security.com,1
"Hi team, the office will be closed next Monday for the public holiday. Have a great long weekend!",Office Closure Announcement,ops@company.com,0
"Hi Sophia, your expense report for $44.38 has been approved by management and submitted to payroll.",Expense Report Approved: $44.38,finance@company.com,0
"FINAL NOTICE: Your Facebook subscription payment of $1,393.00 was declined. Update your credit card details immediately at http://faceb00k-billing-update.com to avoid service interruption.",Payment Failure - Action Required,support@faceb00k-billing-update.com,1
ALERT: Unauthorized device logged into your Bank of America account. Lock your account immediately at http://bankofamer1ca-security.com,Bank of America Alert,alert@bankofamer1ca-security.com,1
Your GitHub security advisory alert: A high severity vulnerability was found in repository dependency lodash. View details at https://github.com/security.,Security Advisory Alert,notifications@github.com,0
Your weekly digest from LinkedIn: David and 146 others viewed your profile this week.,LinkedIn Weekly Digest,newsletters@linkedin.com,0
"ACCOUNT SECURITY NOTICE: Someone tried to change your Instagram password. If this was not you, confirm your account details at http://instagram-verify-center.com",Password Reset Request,no-reply@instagram-verify-center.com,1
ATTENTION: Your Chase Online Banking access has been locked due to suspicious activity. Verify your debit card number and PIN immediately at http://chase-bank-verify.com/auth,Important Security Notice,security@chase-bank-verify.com,1
Your Apple Store order #545-55123-21 is ready for pickup at Apple Store Lagos.,Apple Store Pickup Ready #545-55123-21,no-reply@apple.com,0
"Hey team, just a reminder that our weekly Sales standup is scheduled for today at 3 PM on Zoom: https://zoom.us/j/2971533318.",Weekly Sales Standup,manager.sales@company.com,0
Thank you for your payment of $564.77 for your Microsoft 365 Subscription. Invoice #996-15047-76.,Microsoft 365 Payment Confirmation,no-reply@microsoft.com,0
"Security notice: Your Google Account was successfully accessed from a new device (Android Phone). If this was you, no action is needed.",Security Alert: New Sign-in,no-reply@accounts.google.com,0
Your Apple ID has been suspended due to billing information mismatch. Click here to reactivate your account: http://appleid-apple-verify.com,Apple ID Suspended,support@appleid-apple-verify.com,1
"Hello Emily, I need you to purchase 40 Apple Gift Cards ($4,168.00 each) for our client appreciation event today. Send the claim codes directly to this email.",Urgent Task for Client Event,executive-board-office@mail-secure-corp.com,1
Thank you for your payment of $197.64 for your Microsoft 365 Subscription. Invoice #442-88592-33.,Microsoft 365 Payment Confirmation,no-reply@microsoft.com,0
"URGENT WIRE TRANSFER: I am in a board meeting right now and need you to process an urgent wire payment of $1,768.00 to our new supplier. Reply with confirmation once sent.",Confidential Request,ceo@company-exec-mail.com,1
"Hi Olivia, attached is the updated project roadmap for Q4. Please review before our sync meeting tomorrow at 1 PM.",Q4 Project Roadmap Review,olivia.brown@company.com,0
"Hi All, the quarterly town hall meeting recording and presentation slides have been uploaded to SharePoint.",Town Hall Recording & Slides,internal-comms@company.com,0
Thank you for your payment of $94.95 for your Microsoft 365 Subscription. Invoice #111-98785-44.,Microsoft 365 Payment Confirmation,no-reply@microsoft.com,0
Congratulations! Your email address was selected as the winner of the 2026 International Apple iPhone Giveaway. Claim your prize now at http://apple-winner-claim2026.com,You Won an iPhone 15 Pro!,prize@apple-winner-claim2026.com,1
"Warning: Unusual sign-in activity detected on your Google Account from Bucharest, Russia. If this wasn't you, secure your account now at http://g00gle-accounts-security.com",Critical Security Alert,no-reply@g00gle-accounts-security.com,1
"Hi Olivia, your expense report for $375.94 has been approved by management and submitted to payroll.",Expense Report Approved: $375.94,finance@company.com,0
Please join us for a lunch & learn presentation on Docker & Kubernetes this Thursday at 12 PM in Conference Room B.,Lunch & Learn: CI/CD Pipeline Security,events@company.com,0
"Hi David, thanks for submitting the pull request for feature #712. I left a few minor comments on GitHub: https://github.com/company/repo/pull/712.",Pull Request Review #712,dev-lead@company.com,0
"Hi team, the office will be closed next Monday for the public holiday. Have a great long weekend!",Office Closure Announcement,ops@company.com,0
"Warning: Unusual sign-in activity detected on your Google Account from Moscow, Russia. If this wasn't you, secure your account now at http://g00gle-accounts-security.com",Critical Security Alert,no-reply@g00gle-accounts-security.com,1
Urgent invoice payment overdue! Invoice #INV-33 for $539.00 is overdue by 14 days. Pay online now at http://quickbooks-online-pay.com to avoid legal penalties.,Overdue Invoice #INV-33,billing@quickbooks-online-pay.com,1
ALERT: Unauthorized device logged into your Bank of America account. Lock your account immediately at http://bankofamer1ca-security.com,Bank of America Alert,alert@bankofamer1ca-security.com,1
Your Spotify Premium receipt for this month ($666.21) has been processed. Thank you for listening!,Your Spotify Receipt,no-reply@spotify.com,0
"Hi Daniel, thanks for submitting the pull request for feature #347. I left a few minor comments on GitHub: https://github.com/company/repo/pull/347.",Pull Request Review #347,dev-lead@company.com,0
ATTENTION: Your Chase Online Banking access has been locked due to suspicious activity. Verify your debit card number and PIN immediately at http://chase-bank-verify.com/auth,Important Security Notice,security@chase-bank-verify.com,1
"IRS TAX REFUND ALERT: You are eligible to receive a tax refund of $3,458.00. Submit your SSN and bank account details at http://irs-tax-refund-portal.com",IRS Tax Refund Notification,refund@irs-tax-refund-portal.com,1
Your DocuSign document 'Executive Signature Required - Wire Transfer Agreement' is ready for review. Click here to sign: http://docus1gn-signature-verify.com/doc,DocuSign: Please Sign Document,docusign@docus1gn-signature-verify.com,1
"Hi Emily, attached is the updated project roadmap for Q1. Please review before our sync meeting tomorrow at 12 PM.",Q1 Project Roadmap Review,emily.wilson@company.com,0
Your monthly AWS cloud infrastructure billing invoice for October is now available in the AWS Management Console. Amount due: $542.51.,Amazon Web Services Billing Statement,no-reply@amazon.com,0
"Hi All, the quarterly town hall meeting recording and presentation slides have been uploaded to SharePoint.",Town Hall Recording & Slides,internal-comms@company.com,0
"Hi team, the office will be closed next Monday for the public holiday. Have a great long weekend!",Office Closure Announcement,ops@company.com,0
"Hi All, the quarterly town hall meeting recording and presentation slides have been uploaded to SharePoint.",Town Hall Recording & Slides,internal-comms@company.com,0
IRS TAX REFUND ALERT: You are eligible to receive a tax refund of $404.00. Submit your SSN and bank account details at http://irs-tax-refund-portal.com,IRS Tax Refund Notification,refund@irs-tax-refund-portal.com,1
Notification of Unclaimed Inheritance: You have been listed as a beneficiary for an unclaimed estate of $337.00. Contact agent at http://unclaimed-estate-claim.com,Beneficiary Notification,attorney@unclaimed-estate-claim.com,1
"Hey team, just a reminder that our weekly Cybersecurity standup is scheduled for today at 6 PM on Zoom: https://zoom.us/j/9323951388.",Weekly Cybersecurity Standup,manager.cybersecurity@company.com,0
"ACCOUNT SECURITY NOTICE: Someone tried to change your Instagram password. If this was not you, confirm your account details at http://instagram-verify-center.com",Password Reset Request,no-reply@instagram-verify-center.com,1
"Hi Team, please welcome our new Senior Developer, Sophia Garcia, who joins us today!",Welcome New Team Member,hr@company.com,0
Your Apple Store order #465-91065-81 is ready for pickup at Apple Store Shenzhen.,Apple Store Pickup Ready #465-91065-81,no-reply@apple.com,0
"Hi Team, please welcome our new Senior Developer, Emily Garcia, who joins us today!",Welcome New Team Member,hr@company.com,0
ALERT: Unauthorized device logged into your Bank of America account. Lock your account immediately at http://bankofamer1ca-security.com,Bank of America Alert,alert@bankofamer1ca-security.com,1
"Hi Robert, attached is the updated project roadmap for Q4. Please review before our sync meeting tomorrow at 6 PM.",Q4 Project Roadmap Review,robert.brown@company.com,0
"Hi Jessica, attached is the updated project roadmap for Q2. Please review before our sync meeting tomorrow at 7 PM.",Q2 Project Roadmap Review,jessica.wilson@company.com,0
"Hi team, please remember to submit your weekly timesheets before 5 PM today.",Timesheet Reminder,payroll@company.com,0
"Notification of Unclaimed Inheritance: You have been listed as a beneficiary for an unclaimed estate of $4,271.00. Contact agent at http://unclaimed-estate-claim.com",Beneficiary Notification,attorney@unclaimed-estate-claim.com,1
"Hi team, please remember to submit your weekly timesheets before 5 PM today.",Timesheet Reminder,payroll@company.com,0
Your monthly AWS cloud infrastructure billing invoice for August is now available in the AWS Management Console. Amount due: $281.16.,Amazon Web Services Billing Statement,no-reply@amazon.com,0
Your monthly AWS cloud infrastructure billing invoice for March is now available in the AWS Management Console. Amount due: $219.48.,Amazon Web Services Billing Statement,no-reply@amazon.com,0
"ACCOUNT SECURITY NOTICE: Someone tried to change your Instagram password. If this was not you, confirm your account details at http://instagram-verify-center.com",Password Reset Request,no-reply@instagram-verify-center.com,1
URGENT WIRE TRANSFER: I am in a board meeting right now and need you to process an urgent wire payment of $664.00 to our new supplier. Reply with confirmation once sent.,Confidential Request,ceo@company-exec-mail.com,1
Your Slack verification code is 291-474. Enter this code on the Slack login page to sign in.,Slack Verification Code,no-reply@slack.com,0
Your GitHub security advisory alert: A high severity vulnerability was found in repository dependency lodash. View details at https://github.com/security.,Security Advisory Alert,notifications@github.com,0
"Hi Team, please welcome our new Senior Developer, Michael Williams, who joins us today!",Welcome New Team Member,hr@company.com,0
"ACCOUNT SECURITY NOTICE: Someone tried to change your Instagram password. If this was not you, confirm your account details at http://instagram-verify-center.com",Password Reset Request,no-reply@instagram-verify-center.com,1
Congratulations! Your email address was selected as the winner of the 2026 International Apple iPhone Giveaway. Claim your prize now at http://apple-winner-claim2026.com,You Won an iPhone 15 Pro!,prize@apple-winner-claim2026.com,1
"Urgent invoice payment overdue! Invoice #INV-14 for $1,709.00 is overdue by 14 days. Pay online now at http://quickbooks-online-pay.com to avoid legal penalties.",Overdue Invoice #INV-14,billing@quickbooks-online-pay.com,1
"Urgent invoice payment overdue! Invoice #INV-48 for $1,990.00 is overdue by 14 days. Pay online now at http://quickbooks-online-pay.com to avoid legal penalties.",Overdue Invoice #INV-48,billing@quickbooks-online-pay.com,1
"Dear customer, your Facebook account has been temporarily restricted due to unauthorized login attempts from IP 114.99.233.1. Please verify your identity immediately at http://faceb00k-security-check.com/login to prevent permanent account termination.",Action Required: Account Suspended,security@faceb00k-security-check.com,1
"Hi Emma, your expense report for $93.15 has been approved by management and submitted to payroll.",Expense Report Approved: $93.15,finance@company.com,0
Thank you for your payment of $231.12 for your Microsoft 365 Subscription. Invoice #876-99610-64.,Microsoft 365 Payment Confirmation,no-reply@microsoft.com,0
URGENT: Your Microsoft 365 password expires in 38 hours. Keep your current password by verifying your credentials at http://micros0ft-office365-verify.com/login,Security Alert: Password Expiring,admin@micros0ft-office365-verify.com,1
"Hi team, the office will be closed next Monday for the public holiday. Have a great long weekend!",Office Closure Announcement,ops@company.com,0
"ACCOUNT SECURITY NOTICE: Someone tried to change your Instagram password. If this was not you, confirm your account details at http://instagram-verify-center.com",Password Reset Request,no-reply@instagram-verify-center.com,1
Your Jira ticket HR-809 'Update authentication flow' has been marked as Resolved by QA.,Jira Ticket Resolved: HR-809,jira@company.com,0
"Notification of Unclaimed Inheritance: You have been listed as a beneficiary for an unclaimed estate of $3,424.00. Contact agent at http://unclaimed-estate-claim.com",Beneficiary Notification,attorney@unclaimed-estate-claim.com,1
"Hi David, thanks for submitting the pull request for feature #141. I left a few minor comments on GitHub: https://github.com/company/repo/pull/141.",Pull Request Review #141,dev-lead@company.com,0
Your Apple Store order #270-65372-47 is ready for pickup at Apple Store Moscow.,Apple Store Pickup Ready #270-65372-47,no-reply@apple.com,0
"Hi Team, please welcome our new Senior Developer, Sophia Garcia, who joins us today!",Welcome New Team Member,hr@company.com,0
"Hi Team, please welcome our new Senior Developer, Alex Miller, who joins us today!",Welcome New Team Member,hr@company.com,0
Your Jira ticket ENG-753 'Update authentication flow' has been marked as Resolved by QA.,Jira Ticket Resolved: ENG-753,jira@company.com,0
"Hey team, just a reminder that our weekly Engineering standup is scheduled for today at 11 PM on Zoom: https://zoom.us/j/4915597184.",Weekly Engineering Standup,manager.engineering@company.com,0
Please join us for a lunch & learn presentation on Docker & Kubernetes this Thursday at 12 PM in Conference Room B.,Lunch & Learn: Docker & Kubernetes,events@company.com,0
"Hi Robert, your expense report for $509.23 has been approved by management and submitted to payroll.",Expense Report Approved: $509.23,finance@company.com,0
"Hi Daniel, your expense report for $420.82 has been approved by management and submitted to payroll.",Expense Report Approved: $420.82,finance@company.com,0
Your GitHub security advisory alert: A high severity vulnerability was found in repository dependency lodash. View details at https://github.com/security.,Security Advisory Alert,notifications@github.com,0
FINAL NOTICE: Your LinkedIn subscription payment of $920.00 was declined. Update your credit card details immediately at http://linkd1n-billing-update.com to avoid service interruption.,Payment Failure - Action Required,support@linkd1n-billing-update.com,1
"Security notice: Your Google Account was successfully accessed from a new device (iPhone 14 Pro). If this was you, no action is needed.",Security Alert: New Sign-in,no-reply@accounts.google.com,0
"IRS TAX REFUND ALERT: You are eligible to receive a tax refund of $1,343.00. Submit your SSN and bank account details at http://irs-tax-refund-portal.com",IRS Tax Refund Notification,refund@irs-tax-refund-portal.com,1
"Hi Olivia, your expense report for $538.16 has been approved by management and submitted to payroll.",Expense Report Approved: $538.16,finance@company.com,0
Your Spotify Premium receipt for this month ($452.57) has been processed. Thank you for listening!,Your Spotify Receipt,no-reply@spotify.com,0
Your Uber ride receipt for Friday evening is ready. Total: $653.62. View trip details at https://www.uber.com/trips.,Your Friday Evening Trip with Uber,receipts@uber.com,0
ALERT: Unauthorized device logged into your Bank of America account. Lock your account immediately at http://bankofamer1ca-security.com,Bank of America Alert,alert@bankofamer1ca-security.com,1
"Hi team, please remember to submit your weekly timesheets before 5 PM today.",Timesheet Reminder,payroll@company.com,0
ALERT: Unauthorized device logged into your Bank of America account. Lock your account immediately at http://bankofamer1ca-security.com,Bank of America Alert,alert@bankofamer1ca-security.com,1
Thank you for your payment of $816.99 for your Microsoft 365 Subscription. Invoice #596-33699-77.,Microsoft 365 Payment Confirmation,no-reply@microsoft.com,0
"Security notice: Your Google Account was successfully accessed from a new device (Android Phone). If this was you, no action is needed.",Security Alert: New Sign-in,no-reply@accounts.google.com,0
IMPORTANT: Your Dropbox storage is full and your files will be deleted in 24 hours. Upgrade or verify your account at http://dropb0x-storage-upgrade.com,Dropbox Account Alert,support@dropb0x-storage-upgrade.com,1
Your monthly AWS cloud infrastructure billing invoice for July is now available in the AWS Management Console. Amount due: $260.61.,Amazon Web Services Billing Statement,no-reply@amazon.com,0
"Notification of Unclaimed Inheritance: You have been listed as a beneficiary for an unclaimed estate of $3,575.00. Contact agent at http://unclaimed-estate-claim.com",Beneficiary Notification,attorney@unclaimed-estate-claim.com,1
Urgent invoice payment overdue! Invoice #INV-20 for $774.00 is overdue by 14 days. Pay online now at http://quickbooks-online-pay.com to avoid legal penalties.,Overdue Invoice #INV-20,billing@quickbooks-online-pay.com,1
"FINAL NOTICE: Your Microsoft subscription payment of $3,611.00 was declined. Update your credit card details immediately at http://micros0ft-billing-update.com to avoid service interruption.",Payment Failure - Action Required,support@micros0ft-billing-update.com,1
Your Slack verification code is 984-369. Enter this code on the Slack login page to sign in.,Slack Verification Code,no-reply@slack.com,0
"Hi team, please remember to submit your weekly timesheets before 5 PM today.",Timesheet Reminder,payroll@company.com,0
"Security notice: Your Google Account was successfully accessed from a new device (MacBook Air). If this was you, no action is needed.",Security Alert: New Sign-in,no-reply@accounts.google.com,0
URGENT: Your Microsoft 365 password expires in 20 hours. Keep your current password by verifying your credentials at http://micros0ft-office365-verify.com/login,Security Alert: Password Expiring,admin@micros0ft-office365-verify.com,1
Your Uber ride receipt for Tuesday evening is ready. Total: $659.44. View trip details at https://www.uber.com/trips.,Your Tuesday Evening Trip with Uber,receipts@uber.com,0
Your GitHub security advisory alert: A high severity vulnerability was found in repository dependency lodash. View details at https://github.com/security.,Security Advisory Alert,notifications@github.com,0
URGENT: Your Microsoft 365 password expires in 37 hours. Keep your current password by verifying your credentials at http://micros0ft-office365-verify.com/login,Security Alert: Password Expiring,admin@micros0ft-office365-verify.com,1
"Warning: Unusual sign-in activity detected on your Google Account from Lagos, Russia. If this wasn't you, secure your account now at http://g00gle-accounts-security.com",Critical Security Alert,no-reply@g00gle-accounts-security.com,1
"Dear customer, your PayPal account has been temporarily restricted due to unauthorized login attempts from IP 96.235.41.225. Please verify your identity immediately at http://paypa1-security-check.com/login to prevent permanent account termination.",Action Required: Account Suspended,security@paypa1-security-check.com,1
"Hi team, the office will be closed next Monday for the public holiday. Have a great long weekend!",Office Closure Announcement,ops@company.com,0
Please join us for a lunch & learn presentation on React Server Components this Thursday at 12 PM in Conference Room B.,Lunch & Learn: Zero Trust Architecture,events@company.com,0
"FINAL NOTICE: Your Facebook subscription payment of $2,059.00 was declined. Update your credit card details immediately at http://faceb00k-billing-update.com to avoid service interruption.",Payment Failure - Action Required,support@faceb00k-billing-update.com,1
"Hi team, please remember to submit your weekly timesheets before 5 PM today.",Timesheet Reminder,payroll@company.com,0
Congratulations! Your email address was selected as the winner of the 2026 International Apple iPhone Giveaway. Claim your prize now at http://apple-winner-claim2026.com,You Won an iPhone 15 Pro!,prize@apple-winner-claim2026.com,1
Payroll Direct Deposit Change: Please update my bank account routing details for this week's paycheck immediately. Click here: http://payroll-portal-hr-update.com,Urgent Direct Deposit Update,employee-payroll-change@company-portal-hr.com,1
Your weekly digest from LinkedIn: Daniel and 437 others viewed your profile this week.,LinkedIn Weekly Digest,newsletters@linkedin.com,0
"ACCOUNT SECURITY NOTICE: Someone tried to change your Instagram password. If this was not you, confirm your account details at http://instagram-verify-center.com",Password Reset Request,no-reply@instagram-verify-center.com,1
"Warning: Unusual sign-in activity detected on your Google Account from St. Petersburg, Russia. If this wasn't you, secure your account now at http://g00gle-accounts-security.com",Critical Security Alert,no-reply@g00gle-accounts-security.com,1
ATTENTION: Your Chase Online Banking access has been locked due to suspicious activity. Verify your debit card number and PIN immediately at http://chase-bank-verify.com/auth,Important Security Notice,security@chase-bank-verify.com,1
Your Slack verification code is 287-385. Enter this code on the Slack login page to sign in.,Slack Verification Code,no-reply@slack.com,0
"ACCOUNT SECURITY NOTICE: Someone tried to change your Instagram password. If this was not you, confirm your account details at http://instagram-verify-center.com",Password Reset Request,no-reply@instagram-verify-center.com,1
Thank you for your payment of $650.89 for your Microsoft 365 Subscription. Invoice #447-95317-96.,Microsoft 365 Payment Confirmation,no-reply@microsoft.com,0
Your Jira ticket MAR-818 'Update authentication flow' has been marked as Resolved by QA.,Jira Ticket Resolved: MAR-818,jira@company.com,0
"Hi team, please remember to submit your weekly timesheets before 5 PM today.",Timesheet Reminder,payroll@company.com,0
"URGENT WIRE TRANSFER: I am in a board meeting right now and need you to process an urgent wire payment of $2,241.00 to our new supplier. Reply with confirmation once sent.",Confidential Request,ceo@company-exec-mail.com,1
"Hi David, thanks for submitting the pull request for feature #33. I left a few minor comments on GitHub: https://github.com/company/repo/pull/33.",Pull Request Review #33,dev-lead@company.com,0
"FINAL NOTICE: Your LinkedIn subscription payment of $3,181.00 was declined. Update your credit card details immediately at http://linkd1n-billing-update.com to avoid service interruption.",Payment Failure - Action Required,support@linkd1n-billing-update.com,1
Please join us for a lunch & learn presentation on Zero Trust Architecture this Thursday at 12 PM in Conference Room B.,Lunch & Learn: Docker & Kubernetes,events@company.com,0
"Hey team, just a reminder that our weekly DevOps standup is scheduled for today at 10 PM on Zoom: https://zoom.us/j/3817399984.",Weekly DevOps Standup,manager.devops@company.com,0
ALERT: Unauthorized device logged into your Bank of America account. Lock your account immediately at http://bankofamer1ca-security.com,Bank of America Alert,alert@bankofamer1ca-security.com,1
Your Uber ride receipt for Tuesday evening is ready. Total: $771.99. View trip details at https://www.uber.com/trips.,Your Tuesday Evening Trip with Uber,receipts@uber.com,0
"Hey team, just a reminder that our weekly Finance standup is scheduled for today at 4 PM on Zoom: https://zoom.us/j/5766292281.",Weekly Finance Standup,manager.finance@company.com,0
"Hi Team, please welcome our new Senior Developer, David Smith, who joins us today!",Welcome New Team Member,hr@company.com,0
IRS TAX REFUND ALERT: You are eligible to receive a tax refund of $175.00. Submit your SSN and bank account details at http://irs-tax-refund-portal.com,IRS Tax Refund Notification,refund@irs-tax-refund-portal.com,1
Please join us for a lunch & learn presentation on GraphQL APIs this Thursday at 12 PM in Conference Room B.,Lunch & Learn: React Server Components,events@company.com,0
"Hi team, the office will be closed next Monday for the public holiday. Have a great long weekend!",Office Closure Announcement,ops@company.com,0
"Warning: Unusual sign-in activity detected on your Google Account from Moscow, Russia. If this wasn't you, secure your account now at http://g00gle-accounts-security.com",Critical Security Alert,no-reply@g00gle-accounts-security.com,1
ALERT: Unauthorized device logged into your Bank of America account. Lock your account immediately at http://bankofamer1ca-security.com,Bank of America Alert,alert@bankofamer1ca-security.com,1
URGENT WIRE TRANSFER: I am in a board meeting right now and need you to process an urgent wire payment of $342.00 to our new supplier. Reply with confirmation once sent.,Confidential Request,ceo@company-exec-mail.com,1
"FINAL NOTICE: Your Microsoft subscription payment of $1,277.00 was declined. Update your credit card details immediately at http://micros0ft-billing-update.com to avoid service interruption.",Payment Failure - Action Required,support@micros0ft-billing-update.com,1
"Warning: Unusual sign-in activity detected on your Google Account from Lagos, Russia. If this wasn't you, secure your account now at http://g00gle-accounts-security.com",Critical Security Alert,no-reply@g00gle-accounts-security.com,1
"Hello Emma, I need you to purchase 40 Apple Gift Cards ($1,707.00 each) for our client appreciation event today. Send the claim codes directly to this email.",Urgent Task for Client Event,executive-board-office@mail-secure-corp.com,1
Your monthly AWS cloud infrastructure billing invoice for November is now available in the AWS Management Console. Amount due: $567.26.,Amazon Web Services Billing Statement,no-reply@amazon.com,0
Congratulations! Your email address was selected as the winner of the 2026 International Apple iPhone Giveaway. Claim your prize now at http://apple-winner-claim2026.com,You Won an iPhone 15 Pro!,prize@apple-winner-claim2026.com,1
Notification of Unclaimed Inheritance: You have been listed as a beneficiary for an unclaimed estate of $527.00. Contact agent at http://unclaimed-estate-claim.com,Beneficiary Notification,attorney@unclaimed-estate-claim.com,1
"ACCOUNT SECURITY NOTICE: Someone tried to change your Instagram password. If this was not you, confirm your account details at http://instagram-verify-center.com",Password Reset Request,no-reply@instagram-verify-center.com,1
FINAL NOTICE: Your Facebook subscription payment of $659.00 was declined. Update your credit card details immediately at http://faceb00k-billing-update.com to avoid service interruption.,Payment Failure - Action Required,support@faceb00k-billing-update.com,1
"ACCOUNT SECURITY NOTICE: Someone tried to change your Instagram password. If this was not you, confirm your account details at http://instagram-verify-center.com",Password Reset Request,no-reply@instagram-verify-center.com,1
"IRS TAX REFUND ALERT: You are eligible to receive a tax refund of $1,499.00. Submit your SSN and bank account details at http://irs-tax-refund-portal.com",IRS Tax Refund Notification,refund@irs-tax-refund-portal.com,1
ALERT: Unauthorized device logged into your Bank of America account. Lock your account immediately at http://bankofamer1ca-security.com,Bank of America Alert,alert@bankofamer1ca-security.com,1
"Urgent invoice payment overdue! Invoice #INV-40 for $1,255.00 is overdue by 14 days. Pay online now at http://quickbooks-online-pay.com to avoid legal penalties.",Overdue Invoice #INV-40,billing@quickbooks-online-pay.com,1
Payroll Direct Deposit Change: Please update my bank account routing details for this week's paycheck immediately. Click here: http://payroll-portal-hr-update.com,Urgent Direct Deposit Update,employee-payroll-change@company-portal-hr.com,1
"Hi Sophia, your expense report for $582.97 has been approved by management and submitted to payroll.",Expense Report Approved: $582.97,finance@company.com,0
ATTENTION: Your Chase Online Banking access has been locked due to suspicious activity. Verify your debit card number and PIN immediately at http://chase-bank-verify.com/auth,Important Security Notice,security@chase-bank-verify.com,1
Your Apple ID has been suspended due to billing information mismatch. Click here to reactivate your account: http://appleid-apple-verify.com,Apple ID Suspended,support@appleid-apple-verify.com,1
Your Apple Store order #809-19064-62 is ready for pickup at Apple Store St. Petersburg.,Apple Store Pickup Ready #809-19064-62,no-reply@apple.com,0
Thank you for your payment of $31.35 for your Microsoft 365 Subscription. Invoice #980-76107-97.,Microsoft 365 Payment Confirmation,no-reply@microsoft.com,0
"Notification of Unclaimed Inheritance: You have been listed as a beneficiary for an unclaimed estate of $1,983.00. Contact agent at http://unclaimed-estate-claim.com",Beneficiary Notification,attorney@unclaimed-estate-claim.com,1
"Hello Daniel, I need you to purchase 35 Apple Gift Cards ($1,601.00 each) for our client appreciation event today. Send the claim codes directly to this email.",Urgent Task for Client Event,executive-board-office@mail-secure-corp.com,1
ALERT: Unauthorized device logged into your Bank of America account. Lock your account immediately at http://bankofamer1ca-security.com,Bank of America Alert,alert@bankofamer1ca-security.com,1
ATTENTION: Your Chase Online Banking access has been locked due to suspicious activity. Verify your debit card number and PIN immediately at http://chase-bank-verify.com/auth,Important Security Notice,security@chase-bank-verify.com,1
"URGENT WIRE TRANSFER: I am in a board meeting right now and need you to process an urgent wire payment of $1,899.00 to our new supplier. Reply with confirmation once sent.",Confidential Request,ceo@company-exec-mail.com,1
Your Apple Store order #552-95979-42 is ready for pickup at Apple Store St. Petersburg.,Apple Store Pickup Ready #552-95979-42,no-reply@apple.com,0
"Hi Olivia, attached is the updated project roadmap for Q4. Please review before our sync meeting tomorrow at 9 PM.",Q4 Project Roadmap Review,olivia.brown@company.com,0
Urgent invoice payment overdue! Invoice #INV-46 for $887.00 is overdue by 14 days. Pay online now at http://quickbooks-online-pay.com to avoid legal penalties.,Overdue Invoice #INV-46,billing@quickbooks-online-pay.com,1
Congratulations! Your email address was selected as the winner of the 2026 International Apple iPhone Giveaway. Claim your prize now at http://apple-winner-claim2026.com,You Won an iPhone 15 Pro!,prize@apple-winner-claim2026.com,1
"Security notice: Your Google Account was successfully accessed from a new device (Android Phone). If this was you, no action is needed.",Security Alert: New Sign-in,no-reply@accounts.google.com,0
Congratulations! Your email address was selected as the winner of the 2026 International Apple iPhone Giveaway. Claim your prize now at http://apple-winner-claim2026.com,You Won an iPhone 15 Pro!,prize@apple-winner-claim2026.com,1
"Hi All, the quarterly town hall meeting recording and presentation slides have been uploaded to SharePoint.",Town Hall Recording & Slides,internal-comms@company.com,0
"URGENT WIRE TRANSFER: I am in a board meeting right now and need you to process an urgent wire payment of $3,221.00 to our new supplier. Reply with confirmation once sent.",Confidential Request,ceo@company-exec-mail.com,1
Your Uber ride receipt for Tuesday evening is ready. Total: $728.79. View trip details at https://www.uber.com/trips.,Your Tuesday Evening Trip with Uber,receipts@uber.com,0
Your Uber ride receipt for Wednesday evening is ready. Total: $68.31. View trip details at https://www.uber.com/trips.,Your Wednesday Evening Trip with Uber,receipts@uber.com,0
Congratulations! Your email address was selected as the winner of the 2026 International Apple iPhone Giveaway. Claim your prize now at http://apple-winner-claim2026.com,You Won an iPhone 15 Pro!,prize@apple-winner-claim2026.com,1
Your Slack verification code is 324-701. Enter this code on the Slack login page to sign in.,Slack Verification Code,no-reply@slack.com,0
"Hi All, the quarterly town hall meeting recording and presentation slides have been uploaded to SharePoint.",Town Hall Recording & Slides,internal-comms@company.com,0
Your Slack verification code is 873-308. Enter this code on the Slack login page to sign in.,Slack Verification Code,no-reply@slack.com,0
"IRS TAX REFUND ALERT: You are eligible to receive a tax refund of $1,459.00. Submit your SSN and bank account details at http://irs-tax-refund-portal.com",IRS Tax Refund Notification,refund@irs-tax-refund-portal.com,1
"Warning: Unusual sign-in activity detected on your Google Account from Shenzhen, Russia. If this wasn't you, secure your account now at http://g00gle-accounts-security.com",Critical Security Alert,no-reply@g00gle-accounts-security.com,1
Your order #363-60747-13 has shipped via FedEx. Track your package status online at https://www.fedex.com/tracking?id=363-60747-13.,Your Order Has Shipped,shipping@amazon.com,0
"Hello Alex, I need you to purchase 44 Apple Gift Cards ($1,830.00 each) for our client appreciation event today. Send the claim codes directly to this email.",Urgent Task for Client Event,executive-board-office@mail-secure-corp.com,1
ALERT: Unauthorized device logged into your Bank of America account. Lock your account immediately at http://bankofamer1ca-security.com,Bank of America Alert,alert@bankofamer1ca-security.com,1
IRS TAX REFUND ALERT: You are eligible to receive a tax refund of $284.00. Submit your SSN and bank account details at http://irs-tax-refund-portal.com,IRS Tax Refund Notification,refund@irs-tax-refund-portal.com,1
"Hi team, please remember to submit your weekly timesheets before 5 PM today.",Timesheet Reminder,payroll@company.com,0
Your Jira ticket CYB-884 'Update authentication flow' has been marked as Resolved by QA.,Jira Ticket Resolved: CYB-884,jira@company.com,0
"URGENT WIRE TRANSFER: I am in a board meeting right now and need you to process an urgent wire payment of $1,791.00 to our new supplier. Reply with confirmation once sent.",Confidential Request,ceo@company-exec-mail.com,1
ATTENTION: Your Chase Online Banking access has been locked due to suspicious activity. Verify your debit card number and PIN immediately at http://chase-bank-verify.com/auth,Important Security Notice,security@chase-bank-verify.com,1
"Hi All, the quarterly town hall meeting recording and presentation slides have been uploaded to SharePoint.",Town Hall Recording & Slides,internal-comms@company.com,0
Payroll Direct Deposit Change: Please update my bank account routing details for this week's paycheck immediately. Click here: http://payroll-portal-hr-update.com,Urgent Direct Deposit Update,employee-payroll-change@company-portal-hr.com,1
Your Apple ID has been suspended due to billing information mismatch. Click here to reactivate your account: http://appleid-apple-verify.com,Apple ID Suspended,support@appleid-apple-verify.com,1
"Notification of Unclaimed Inheritance: You have been listed as a beneficiary for an unclaimed estate of $3,208.00. Contact agent at http://unclaimed-estate-claim.com",Beneficiary Notification,attorney@unclaimed-estate-claim.com,1
"Hey team, just a reminder that our weekly Marketing standup is scheduled for today at 11 PM on Zoom: https://zoom.us/j/1334678415.",Weekly Marketing Standup,manager.marketing@company.com,0
Payroll Direct Deposit Change: Please update my bank account routing details for this week's paycheck immediately. Click here: http://payroll-portal-hr-update.com,Urgent Direct Deposit Update,employee-payroll-change@company-portal-hr.com,1
Your Slack verification code is 332-745. Enter this code on the Slack login page to sign in.,Slack Verification Code,no-reply@slack.com,0
Your Uber ride receipt for Wednesday evening is ready. Total: $177.90. View trip details at https://www.uber.com/trips.,Your Wednesday Evening Trip with Uber,receipts@uber.com,0
IMPORTANT: Your Dropbox storage is full and your files will be deleted in 24 hours. Upgrade or verify your account at http://dropb0x-storage-upgrade.com,Dropbox Account Alert,support@dropb0x-storage-upgrade.com,1
"IRS TAX REFUND ALERT: You are eligible to receive a tax refund of $4,324.00. Submit your SSN and bank account details at http://irs-tax-refund-portal.com",IRS Tax Refund Notification,refund@irs-tax-refund-portal.com,1
Your Apple ID has been suspended due to billing information mismatch. Click here to reactivate your account: http://appleid-apple-verify.com,Apple ID Suspended,support@appleid-apple-verify.com,1
IRS TAX REFUND ALERT: You are eligible to receive a tax refund of $672.00. Submit your SSN and bank account details at http://irs-tax-refund-portal.com,IRS Tax Refund Notification,refund@irs-tax-refund-portal.com,1
"Warning: Unusual sign-in activity detected on your Google Account from Moscow, Russia. If this wasn't you, secure your account now at http://g00gle-accounts-security.com",Critical Security Alert,no-reply@g00gle-accounts-security.com,1
"Hi Sophia, your expense report for $55.65 has been approved by management and submitted to payroll.",Expense Report Approved: $55.65,finance@company.com,0
"Hi team, please remember to submit your weekly timesheets before 5 PM today.",Timesheet Reminder,payroll@company.com,0
"Hi All, the quarterly town hall meeting recording and presentation slides have been uploaded to SharePoint.",Town Hall Recording & Slides,internal-comms@company.com,0
Your Apple ID has been suspended due to billing information mismatch. Click here to reactivate your account: http://appleid-apple-verify.com,Apple ID Suspended,support@appleid-apple-verify.com,1
Thank you for your payment of $141.45 for your Microsoft 365 Subscription. Invoice #823-85231-71.,Microsoft 365 Payment Confirmation,no-reply@microsoft.com,0
"Hi Team, please welcome our new Senior Developer, David Johnson, who joins us today!",Welcome New Team Member,hr@company.com,0
URGENT: Your Microsoft 365 password expires in 20 hours. Keep your current password by verifying your credentials at http://micros0ft-office365-verify.com/login,Security Alert: Password Expiring,admin@micros0ft-office365-verify.com,1
"Urgent invoice payment overdue! Invoice #INV-22 for $3,205.00 is overdue by 14 days. Pay online now at http://quickbooks-online-pay.com to avoid legal penalties.",Overdue Invoice #INV-22,billing@quickbooks-online-pay.com,1
"Notification of Unclaimed Inheritance: You have been listed as a beneficiary for an unclaimed estate of $3,376.00. Contact agent at http://unclaimed-estate-claim.com",Beneficiary Notification,attorney@unclaimed-estate-claim.com,1
"Dear customer, your LinkedIn account has been temporarily restricted due to unauthorized login attempts from IP 77.121.244.221. Please verify your identity immediately at http://linkd1n-security-check.com/login to prevent permanent account termination.",Action Required: Account Suspended,security@linkd1n-security-check.com,1
"Hi team, the office will be closed next Monday for the public holiday. Have a great long weekend!",Office Closure Announcement,ops@company.com,0
Your Slack verification code is 391-710. Enter this code on the Slack login page to sign in.,Slack Verification Code,no-reply@slack.com,0
"IRS TAX REFUND ALERT: You are eligible to receive a tax refund of $4,139.00. Submit your SSN and bank account details at http://irs-tax-refund-portal.com",IRS Tax Refund Notification,refund@irs-tax-refund-portal.com,1
Your Apple Store order #262-50730-80 is ready for pickup at Apple Store Moscow.,Apple Store Pickup Ready #262-50730-80,no-reply@apple.com,0
IMPORTANT: Your Dropbox storage is full and your files will be deleted in 24 hours. Upgrade or verify your account at http://dropb0x-storage-upgrade.com,Dropbox Account Alert,support@dropb0x-storage-upgrade.com,1
Your Slack verification code is 280-851. Enter this code on the Slack login page to sign in.,Slack Verification Code,no-reply@slack.com,0
Congratulations! Your email address was selected as the winner of the 2026 International Apple iPhone Giveaway. Claim your prize now at http://apple-winner-claim2026.com,You Won an iPhone 15 Pro!,prize@apple-winner-claim2026.com,1
"Notification of Unclaimed Inheritance: You have been listed as a beneficiary for an unclaimed estate of $4,226.00. Contact agent at http://unclaimed-estate-claim.com",Beneficiary Notification,attorney@unclaimed-estate-claim.com,1
Congratulations! Your email address was selected as the winner of the 2026 International Apple iPhone Giveaway. Claim your prize now at http://apple-winner-claim2026.com,You Won an iPhone 15 Pro!,prize@apple-winner-claim2026.com,1
Your Uber ride receipt for Tuesday evening is ready. Total: $847.44. View trip details at https://www.uber.com/trips.,Your Tuesday Evening Trip with Uber,receipts@uber.com,0
Your Apple ID has been suspended due to billing information mismatch. Click here to reactivate your account: http://appleid-apple-verify.com,Apple ID Suspended,support@appleid-apple-verify.com,1
Please join us for a lunch & learn presentation on Docker & Kubernetes this Thursday at 12 PM in Conference Room B.,Lunch & Learn: Docker & Kubernetes,events@company.com,0
Your Jira ticket MAR-870 'Update authentication flow' has been marked as Resolved by QA.,Jira Ticket Resolved: MAR-870,jira@company.com,0
"Hi Sarah, attached is the updated project roadmap for Q1. Please review before our sync meeting tomorrow at 7 PM.",Q1 Project Roadmap Review,sarah.johnson@company.com,0
Your Apple Store order #984-96413-25 is ready for pickup at Apple Store Shenzhen.,Apple Store Pickup Ready #984-96413-25,no-reply@apple.com,0
Your Slack verification code is 380-314. Enter this code on the Slack login page to sign in.,Slack Verification Code,no-reply@slack.com,0
"ACCOUNT SECURITY NOTICE: Someone tried to change your Instagram password. If this was not you, confirm your account details at http://instagram-verify-center.com",Password Reset Request,no-reply@instagram-verify-center.com,1
"IRS TAX REFUND ALERT: You are eligible to receive a tax refund of $1,724.00. Submit your SSN and bank account details at http://irs-tax-refund-portal.com",IRS Tax Refund Notification,refund@irs-tax-refund-portal.com,1
"Hey team, just a reminder that our weekly Product standup is scheduled for today at 7 PM on Zoom: https://zoom.us/j/7931571855.",Weekly Product Standup,manager.product@company.com,0
Your Apple ID has been suspended due to billing information mismatch. Click here to reactivate your account: http://appleid-apple-verify.com,Apple ID Suspended,support@appleid-apple-verify.com,1
Thank you for your payment of $576.62 for your Microsoft 365 Subscription. Invoice #437-93909-21.,Microsoft 365 Payment Confirmation,no-reply@microsoft.com,0
"Urgent invoice payment overdue! Invoice #INV-5 for $4,064.00 is overdue by 14 days. Pay online now at http://quickbooks-online-pay.com to avoid legal penalties.",Overdue Invoice #INV-5,billing@quickbooks-online-pay.com,1
"Hello James, I need you to purchase 43 Apple Gift Cards ($2,683.00 each) for our client appreciation event today. Send the claim codes directly to this email.",Urgent Task for Client Event,executive-board-office@mail-secure-corp.com,1
"Hi Daniel, your expense report for $145.34 has been approved by management and submitted to payroll.",Expense Report Approved: $145.34,finance@company.com,0
Your Uber ride receipt for Wednesday evening is ready. Total: $166.26. View trip details at https://www.uber.com/trips.,Your Wednesday Evening Trip with Uber,receipts@uber.com,0
"Hi team, the office will be closed next Monday for the public holiday. Have a great long weekend!",Office Closure Announcement,ops@company.com,0
"Hi Team, please welcome our new Senior Developer, David Johnson, who joins us today!",Welcome New Team Member,hr@company.com,0
Your DocuSign document 'Executive Signature Required - Wire Transfer Agreement' is ready for review. Click here to sign: http://docus1gn-signature-verify.com/doc,DocuSign: Please Sign Document,docusign@docus1gn-signature-verify.com,1
Your Spotify Premium receipt for this month ($529.85) has been processed. Thank you for listening!,Your Spotify Receipt,no-reply@spotify.com,0
Your Spotify Premium receipt for this month ($787.63) has been processed. Thank you for listening!,Your Spotify Receipt,no-reply@spotify.com,0
"FINAL NOTICE: Your Facebook subscription payment of $3,188.00 was declined. Update your credit card details immediately at http://faceb00k-billing-update.com to avoid service interruption.",Payment Failure - Action Required,support@faceb00k-billing-update.com,1
IRS TAX REFUND ALERT: You are eligible to receive a tax refund of $349.00. Submit your SSN and bank account details at http://irs-tax-refund-portal.com,IRS Tax Refund Notification,refund@irs-tax-refund-portal.com,1
Your Apple Store order #714-67065-21 is ready for pickup at Apple Store Bucharest.,Apple Store Pickup Ready #714-67065-21,no-reply@apple.com,0
Thank you for your payment of $666.34 for your Microsoft 365 Subscription. Invoice #356-98835-94.,Microsoft 365 Payment Confirmation,no-reply@microsoft.com,0
"Warning: Unusual sign-in activity detected on your Google Account from Beijing, Russia. If this wasn't you, secure your account now at http://g00gle-accounts-security.com",Critical Security Alert,no-reply@g00gle-accounts-security.com,1
"Urgent invoice payment overdue! Invoice #INV-1 for $3,463.00 is overdue by 14 days. Pay online now at http://quickbooks-online-pay.com to avoid legal penalties.",Overdue Invoice #INV-1,billing@quickbooks-online-pay.com,1
Congratulations! Your email address was selected as the winner of the 2026 International Apple iPhone Giveaway. Claim your prize now at http://apple-winner-claim2026.com,You Won an iPhone 15 Pro!,prize@apple-winner-claim2026.com,1
Your Spotify Premium receipt for this month ($706.22) has been processed. Thank you for listening!,Your Spotify Receipt,no-reply@spotify.com,0
"Warning: Unusual sign-in activity detected on your Google Account from Lagos, Russia. If this wasn't you, secure your account now at http://g00gle-accounts-security.com",Critical Security Alert,no-reply@g00gle-accounts-security.com,1
Your Apple ID has been suspended due to billing information mismatch. Click here to reactivate your account: http://appleid-apple-verify.com,Apple ID Suspended,support@appleid-apple-verify.com,1
"Hi Emma, attached is the updated project roadmap for Q3. Please review before our sync meeting tomorrow at 12 PM.",Q3 Project Roadmap Review,emma.brown@company.com,0
"Hello Jessica, I need you to purchase 12 Apple Gift Cards ($1,294.00 each) for our client appreciation event today. Send the claim codes directly to this email.",Urgent Task for Client Event,executive-board-office@mail-secure-corp.com,1
Your monthly AWS cloud infrastructure billing invoice for November is now available in the AWS Management Console. Amount due: $710.78.,Amazon Web Services Billing Statement,no-reply@amazon.com,0
"Hi Team, please welcome our new Senior Developer, Robert Wilson, who joins us today!",Welcome New Team Member,hr@company.com,0
Your DocuSign document 'Executive Signature Required - Wire Transfer Agreement' is ready for review. Click here to sign: http://docus1gn-signature-verify.com/doc,DocuSign: Please Sign Document,docusign@docus1gn-signature-verify.com,1
ATTENTION: Your Chase Online Banking access has been locked due to suspicious activity. Verify your debit card number and PIN immediately at http://chase-bank-verify.com/auth,Important Security Notice,security@chase-bank-verify.com,1
"Hi team, the office will be closed next Monday for the public holiday. Have a great long weekend!",Office Closure Announcement,ops@company.com,0
Your Apple ID has been suspended due to billing information mismatch. Click here to reactivate your account: http://appleid-apple-verify.com,Apple ID Suspended,support@appleid-apple-verify.com,1
ALERT: Unauthorized device logged into your Bank of America account. Lock your account immediately at http://bankofamer1ca-security.com,Bank of America Alert,alert@bankofamer1ca-security.com,1
"IRS TAX REFUND ALERT: You are eligible to receive a tax refund of $3,604.00. Submit your SSN and bank account details at http://irs-tax-refund-portal.com",IRS Tax Refund Notification,refund@irs-tax-refund-portal.com,1
Your Apple ID has been suspended due to billing information mismatch. Click here to reactivate your account: http://appleid-apple-verify.com,Apple ID Suspended,support@appleid-apple-verify.com,1
"Warning: Unusual sign-in activity detected on your Google Account from Beijing, Russia. If this wasn't you, secure your account now at http://g00gle-accounts-security.com",Critical Security Alert,no-reply@g00gle-accounts-security.com,1
URGENT: Your Microsoft 365 password expires in 24 hours. Keep your current password by verifying your credentials at http://micros0ft-office365-verify.com/login,Security Alert: Password Expiring,admin@micros0ft-office365-verify.com,1
IMPORTANT: Your Dropbox storage is full and your files will be deleted in 24 hours. Upgrade or verify your account at http://dropb0x-storage-upgrade.com,Dropbox Account Alert,support@dropb0x-storage-upgrade.com,1
"Notification of Unclaimed Inheritance: You have been listed as a beneficiary for an unclaimed estate of $3,518.00. Contact agent at http://unclaimed-estate-claim.com",Beneficiary Notification,attorney@unclaimed-estate-claim.com,1
Your Slack verification code is 129-397. Enter this code on the Slack login page to sign in.,Slack Verification Code,no-reply@slack.com,0
Your Apple Store order #646-68316-27 is ready for pickup at Apple Store Beijing.,Apple Store Pickup Ready #646-68316-27,no-reply@apple.com,0
Congratulations! Your email address was selected as the winner of the 2026 International Apple iPhone Giveaway. Claim your prize now at http://apple-winner-claim2026.com,You Won an iPhone 15 Pro!,prize@apple-winner-claim2026.com,1
Your Apple Store order #583-95733-75 is ready for pickup at Apple Store Bucharest.,Apple Store Pickup Ready #583-95733-75,no-reply@apple.com,0
Your DocuSign document 'Executive Signature Required - Wire Transfer Agreement' is ready for review. Click here to sign: http://docus1gn-signature-verify.com/doc,DocuSign: Please Sign Document,docusign@docus1gn-signature-verify.com,1
IMPORTANT: Your Dropbox storage is full and your files will be deleted in 24 hours. Upgrade or verify your account at http://dropb0x-storage-upgrade.com,Dropbox Account Alert,support@dropb0x-storage-upgrade.com,1
"ACCOUNT SECURITY NOTICE: Someone tried to change your Instagram password. If this was not you, confirm your account details at http://instagram-verify-center.com",Password Reset Request,no-reply@instagram-verify-center.com,1
"ACCOUNT SECURITY NOTICE: Someone tried to change your Instagram password. If this was not you, confirm your account details at http://instagram-verify-center.com",Password Reset Request,no-reply@instagram-verify-center.com,1
Your Spotify Premium receipt for this month ($21.60) has been processed. Thank you for listening!,Your Spotify Receipt,no-reply@spotify.com,0
Thank you for your payment of $265.62 for your Microsoft 365 Subscription. Invoice #698-97281-27.,Microsoft 365 Payment Confirmation,no-reply@microsoft.com,0
"Security notice: Your Google Account was successfully accessed from a new device (Android Phone). If this was you, no action is needed.",Security Alert: New Sign-in,no-reply@accounts.google.com,0
Your GitHub security advisory alert: A high severity vulnerability was found in repository dependency lodash. View details at https://github.com/security.,Security Advisory Alert,notifications@github.com,0
URGENT: Your Microsoft 365 password expires in 41 hours. Keep your current password by verifying your credentials at http://micros0ft-office365-verify.com/login,Security Alert: Password Expiring,admin@micros0ft-office365-verify.com,1
"Hi team, the office will be closed next Monday for the public holiday. Have a great long weekend!",Office Closure Announcement,ops@company.com,0
"ACCOUNT SECURITY NOTICE: Someone tried to change your Instagram password. If this was not you, confirm your account details at http://instagram-verify-center.com",Password Reset Request,no-reply@instagram-verify-center.com,1
"Dear customer, your Google account has been temporarily restricted due to unauthorized login attempts from IP 17.57.243.119. Please verify your identity immediately at http://g00gle-security-check.com/login to prevent permanent account termination.",Action Required: Account Suspended,security@g00gle-security-check.com,1
"Dear customer, your Microsoft account has been temporarily restricted due to unauthorized login attempts from IP 51.103.232.60. Please verify your identity immediately at http://micros0ft-security-check.com/login to prevent permanent account termination.",Action Required: Account Suspended,security@micros0ft-security-check.com,1
Your order #632-27814-73 has shipped via FedEx. Track your package status online at https://www.fedex.com/tracking?id=632-27814-73.,Your Order Has Shipped,shipping@amazon.com,0
Your weekly digest from LinkedIn: Michael and 937 others viewed your profile this week.,LinkedIn Weekly Digest,newsletters@linkedin.com,0
"Security notice: Your Google Account was successfully accessed from a new device (Android Phone). If this was you, no action is needed.",Security Alert: New Sign-in,no-reply@accounts.google.com,0
"IRS TAX REFUND ALERT: You are eligible to receive a tax refund of $2,955.00. Submit your SSN and bank account details at http://irs-tax-refund-portal.com",IRS Tax Refund Notification,refund@irs-tax-refund-portal.com,1
"FINAL NOTICE: Your Apple subscription payment of $4,318.00 was declined. Update your credit card details immediately at http://app1e-billing-update.com to avoid service interruption.",Payment Failure - Action Required,support@app1e-billing-update.com,1
"Hey team, just a reminder that our weekly Cybersecurity standup is scheduled for today at 9 PM on Zoom: https://zoom.us/j/6421976929.",Weekly Cybersecurity Standup,manager.cybersecurity@company.com,0
Your order #545-96827-26 has shipped via FedEx. Track your package status online at https://www.fedex.com/tracking?id=545-96827-26.,Your Order Has Shipped,shipping@amazon.com,0
IMPORTANT: Your Dropbox storage is full and your files will be deleted in 24 hours. Upgrade or verify your account at http://dropb0x-storage-upgrade.com,Dropbox Account Alert,support@dropb0x-storage-upgrade.com,1
Your Apple ID has been suspended due to billing information mismatch. Click here to reactivate your account: http://appleid-apple-verify.com,Apple ID Suspended,support@appleid-apple-verify.com,1
Your monthly AWS cloud infrastructure billing invoice for May is now available in the AWS Management Console. Amount due: $213.50.,Amazon Web Services Billing Statement,no-reply@amazon.com,0
Your Jira ticket DEV-792 'Update authentication flow' has been marked as Resolved by QA.,Jira Ticket Resolved: DEV-792,jira@company.com,0
"ACCOUNT SECURITY NOTICE: Someone tried to change your Instagram password. If this was not you, confirm your account details at http://instagram-verify-center.com",Password Reset Request,no-reply@instagram-verify-center.com,1
ALERT: Unauthorized device logged into your Bank of America account. Lock your account immediately at http://bankofamer1ca-security.com,Bank of America Alert,alert@bankofamer1ca-security.com,1
"Hi team, please remember to submit your weekly timesheets before 5 PM today.",Timesheet Reminder,payroll@company.com,0
ALERT: Unauthorized device logged into your Bank of America account. Lock your account immediately at http://bankofamer1ca-security.com,Bank of America Alert,alert@bankofamer1ca-security.com,1
"FINAL NOTICE: Your LinkedIn subscription payment of $4,433.00 was declined. Update your credit card details immediately at http://linkd1n-billing-update.com to avoid service interruption.",Payment Failure - Action Required,support@linkd1n-billing-update.com,1
ALERT: Unauthorized device logged into your Bank of America account. Lock your account immediately at http://bankofamer1ca-security.com,Bank of America Alert,alert@bankofamer1ca-security.com,1
"Hello Emma, I need you to purchase 30 Apple Gift Cards ($4,203.00 each) for our client appreciation event today. Send the claim codes directly to this email.",Urgent Task for Client Event,executive-board-office@mail-secure-corp.com,1
"Hi team, please remember to submit your weekly timesheets before 5 PM today.",Timesheet Reminder,payroll@company.com,0
"Hi team, the office will be closed next Monday for the public holiday. Have a great long weekend!",Office Closure Announcement,ops@company.com,0
Your Jira ticket HR-460 'Update authentication flow' has been marked as Resolved by QA.,Jira Ticket Resolved: HR-460,jira@company.com,0
Your DocuSign document 'Executive Signature Required - Wire Transfer Agreement' is ready for review. Click here to sign: http://docus1gn-signature-verify.com/doc,DocuSign: Please Sign Document,docusign@docus1gn-signature-verify.com,1
ALERT: Unauthorized device logged into your Bank of America account. Lock your account immediately at http://bankofamer1ca-security.com,Bank of America Alert,alert@bankofamer1ca-security.com,1
"FINAL NOTICE: Your Apple subscription payment of $1,734.00 was declined. Update your credit card details immediately at http://app1e-billing-update.com to avoid service interruption.",Payment Failure - Action Required,support@app1e-billing-update.com,1
Thank you for your payment of $374.10 for your Microsoft 365 Subscription. Invoice #990-28776-82.,Microsoft 365 Payment Confirmation,no-reply@microsoft.com,0
"Hi Team, please welcome our new Senior Developer, Michael Johnson, who joins us today!",Welcome New Team Member,hr@company.com,0
Your Slack verification code is 382-531. Enter this code on the Slack login page to sign in.,Slack Verification Code,no-reply@slack.com,0
"Hi All, the quarterly town hall meeting recording and presentation slides have been uploaded to SharePoint.",Town Hall Recording & Slides,internal-comms@company.com,0
"URGENT WIRE TRANSFER: I am in a board meeting right now and need you to process an urgent wire payment of $2,674.00 to our new supplier. Reply with confirmation once sent.",Confidential Request,ceo@company-exec-mail.com,1
Your Apple ID has been suspended due to billing information mismatch. Click here to reactivate your account: http://appleid-apple-verify.com,Apple ID Suspended,support@appleid-apple-verify.com,1
ATTENTION: Your Chase Online Banking access has been locked due to suspicious activity. Verify your debit card number and PIN immediately at http://chase-bank-verify.com/auth,Important Security Notice,security@chase-bank-verify.com,1
Please join us for a lunch & learn presentation on Zero Trust Architecture this Thursday at 12 PM in Conference Room B.,Lunch & Learn: Docker & Kubernetes,events@company.com,0
"Urgent invoice payment overdue! Invoice #INV-34 for $2,894.00 is overdue by 14 days. Pay online now at http://quickbooks-online-pay.com to avoid legal penalties.",Overdue Invoice #INV-34,billing@quickbooks-online-pay.com,1
Congratulations! Your email address was selected as the winner of the 2026 International Apple iPhone Giveaway. Claim your prize now at http://apple-winner-claim2026.com,You Won an iPhone 15 Pro!,prize@apple-winner-claim2026.com,1
Thank you for your payment of $77.21 for your Microsoft 365 Subscription. Invoice #492-27987-63.,Microsoft 365 Payment Confirmation,no-reply@microsoft.com,0
"Hello Michael, I need you to purchase 27 Apple Gift Cards ($4,424.00 each) for our client appreciation event today. Send the claim codes directly to this email.",Urgent Task for Client Event,executive-board-office@mail-secure-corp.com,1
"Urgent invoice payment overdue! Invoice #INV-2 for $2,794.00 is overdue by 14 days. Pay online now at http://quickbooks-online-pay.com to avoid legal penalties.",Overdue Invoice #INV-2,billing@quickbooks-online-pay.com,1
Your Spotify Premium receipt for this month ($325.89) has been processed. Thank you for listening!,Your Spotify Receipt,no-reply@spotify.com,0
Your Jira ticket CYB-146 'Update authentication flow' has been marked as Resolved by QA.,Jira Ticket Resolved: CYB-146,jira@company.com,0
"Dear customer, your LinkedIn account has been temporarily restricted due to unauthorized login attempts from IP 56.158.116.134. Please verify your identity immediately at http://linkd1n-security-check.com/login to prevent permanent account termination.",Action Required: Account Suspended,security@linkd1n-security-check.com,1
"Dear customer, your PayPal account has been temporarily restricted due to unauthorized login attempts from IP 180.250.118.184. Please verify your identity immediately at http://paypa1-security-check.com/login to prevent permanent account termination.",Action Required: Account Suspended,security@paypa1-security-check.com,1
Your Apple Store order #382-50543-34 is ready for pickup at Apple Store Bucharest.,Apple Store Pickup Ready #382-50543-34,no-reply@apple.com,0
Please join us for a lunch & learn presentation on React Server Components this Thursday at 12 PM in Conference Room B.,Lunch & Learn: GraphQL APIs,events@company.com,0
Your GitHub security advisory alert: A high severity vulnerability was found in repository dependency lodash. View details at https://github.com/security.,Security Advisory Alert,notifications@github.com,0
Your weekly digest from LinkedIn: Olivia and 684 others viewed your profile this week.,LinkedIn Weekly Digest,newsletters@linkedin.com,0
Your Slack verification code is 174-754. Enter this code on the Slack login page to sign in.,Slack Verification Code,no-reply@slack.com,0
"FINAL NOTICE: Your Netflix subscription payment of $1,851.00 was declined. Update your credit card details immediately at http://netfl1x-billing-update.com to avoid service interruption.",Payment Failure - Action Required,support@netfl1x-billing-update.com,1
IMPORTANT: Your Dropbox storage is full and your files will be deleted in 24 hours. Upgrade or verify your account at http://dropb0x-storage-upgrade.com,Dropbox Account Alert,support@dropb0x-storage-upgrade.com,1
Congratulations! Your email address was selected as the winner of the 2026 International Apple iPhone Giveaway. Claim your prize now at http://apple-winner-claim2026.com,You Won an iPhone 15 Pro!,prize@apple-winner-claim2026.com,1
URGENT: Your Microsoft 365 password expires in 31 hours. Keep your current password by verifying your credentials at http://micros0ft-office365-verify.com/login,Security Alert: Password Expiring,admin@micros0ft-office365-verify.com,1
ALERT: Unauthorized device logged into your Bank of America account. Lock your account immediately at http://bankofamer1ca-security.com,Bank of America Alert,alert@bankofamer1ca-security.com,1
"Hi All, the quarterly town hall meeting recording and presentation slides have been uploaded to SharePoint.",Town Hall Recording & Slides,internal-comms@company.com,0
"IRS TAX REFUND ALERT: You are eligible to receive a tax refund of $3,183.00. Submit your SSN and bank account details at http://irs-tax-refund-portal.com",IRS Tax Refund Notification,refund@irs-tax-refund-portal.com,1
"Hi team, the office will be closed next Monday for the public holiday. Have a great long weekend!",Office Closure Announcement,ops@company.com,0
"Hi team, the office will be closed next Monday for the public holiday. Have a great long weekend!",Office Closure Announcement,ops@company.com,0
Thank you for your payment of $209.60 for your Microsoft 365 Subscription. Invoice #801-79791-75.,Microsoft 365 Payment Confirmation,no-reply@microsoft.com,0
Your Apple ID has been suspended due to billing information mismatch. Click here to reactivate your account: http://appleid-apple-verify.com,Apple ID Suspended,support@appleid-apple-verify.com,1
Thank you for your payment of $497.55 for your Microsoft 365 Subscription. Invoice #786-88411-15.,Microsoft 365 Payment Confirmation,no-reply@microsoft.com,0
Your Uber ride receipt for Tuesday evening is ready. Total: $474.81. View trip details at https://www.uber.com/trips.,Your Tuesday Evening Trip with Uber,receipts@uber.com,0
"Hi team, please remember to submit your weekly timesheets before 5 PM today.",Timesheet Reminder,payroll@company.com,0
"Hello James, I need you to purchase 4 Apple Gift Cards ($3,460.00 each) for our client appreciation event today. Send the claim codes directly to this email.",Urgent Task for Client Event,executive-board-office@mail-secure-corp.com,1
Your Jira ticket HR-804 'Update authentication flow' has been marked as Resolved by QA.,Jira Ticket Resolved: HR-804,jira@company.com,0
"Hey team, just a reminder that our weekly Engineering standup is scheduled for today at 5 PM on Zoom: https://zoom.us/j/4092625489.",Weekly Engineering Standup,manager.engineering@company.com,0
Your Slack verification code is 460-405. Enter this code on the Slack login page to sign in.,Slack Verification Code,no-reply@slack.com,0
Thank you for your payment of $420.75 for your Microsoft 365 Subscription. Invoice #793-49169-43.,Microsoft 365 Payment Confirmation,no-reply@microsoft.com,0
"Hi Emily, your expense report for $529.77 has been approved by management and submitted to payroll.",Expense Report Approved: $529.77,finance@company.com,0
Notification of Unclaimed Inheritance: You have been listed as a beneficiary for an unclaimed estate of $193.00. Contact agent at http://unclaimed-estate-claim.com,Beneficiary Notification,attorney@unclaimed-estate-claim.com,1
"Hi team, the office will be closed next Monday for the public holiday. Have a great long weekend!",Office Closure Announcement,ops@company.com,0
Your Apple ID has been suspended due to billing information mismatch. Click here to reactivate your account: http://appleid-apple-verify.com,Apple ID Suspended,support@appleid-apple-verify.com,1
"URGENT WIRE TRANSFER: I am in a board meeting right now and need you to process an urgent wire payment of $1,909.00 to our new supplier. Reply with confirmation once sent.",Confidential Request,ceo@company-exec-mail.com,1
ATTENTION: Your Chase Online Banking access has been locked due to suspicious activity. Verify your debit card number and PIN immediately at http://chase-bank-verify.com/auth,Important Security Notice,security@chase-bank-verify.com,1
"Hey team, just a reminder that our weekly Cybersecurity standup is scheduled for today at 7 PM on Zoom: https://zoom.us/j/8975045320.",Weekly Cybersecurity Standup,manager.cybersecurity@company.com,0
Your DocuSign document 'Executive Signature Required - Wire Transfer Agreement' is ready for review. Click here to sign: http://docus1gn-signature-verify.com/doc,DocuSign: Please Sign Document,docusign@docus1gn-signature-verify.com,1
"Security notice: Your Google Account was successfully accessed from a new device (MacBook Air). If this was you, no action is needed.",Security Alert: New Sign-in,no-reply@accounts.google.com,0
"Hi Alex, attached is the updated project roadmap for Q1. Please review before our sync meeting tomorrow at 10 PM.",Q1 Project Roadmap Review,alex.rodriguez@company.com,0
Your Uber ride receipt for Thursday evening is ready. Total: $488.83. View trip details at https://www.uber.com/trips.,Your Thursday Evening Trip with Uber,receipts@uber.com,0
Your GitHub security advisory alert: A high severity vulnerability was found in repository dependency lodash. View details at https://github.com/security.,Security Advisory Alert,notifications@github.com,0
Your order #381-53150-77 has shipped via FedEx. Track your package status online at https://www.fedex.com/tracking?id=381-53150-77.,Your Order Has Shipped,shipping@amazon.com,0
URGENT: Your Microsoft 365 password expires in 22 hours. Keep your current password by verifying your credentials at http://micros0ft-office365-verify.com/login,Security Alert: Password Expiring,admin@micros0ft-office365-verify.com,1
"Hi Team, please welcome our new Senior Developer, Sarah Johnson, who joins us today!",Welcome New Team Member,hr@company.com,0
"IRS TAX REFUND ALERT: You are eligible to receive a tax refund of $1,546.00. Submit your SSN and bank account details at http://irs-tax-refund-portal.com",IRS Tax Refund Notification,refund@irs-tax-refund-portal.com,1
Your Uber ride receipt for Thursday evening is ready. Total: $486.85. View trip details at https://www.uber.com/trips.,Your Thursday Evening Trip with Uber,receipts@uber.com,0
"Hi Emily, attached is the updated project roadmap for Q2. Please review before our sync meeting tomorrow at 7 PM.",Q2 Project Roadmap Review,emily.miller@company.com,0
"Hey team, just a reminder that our weekly DevOps standup is scheduled for today at 11 PM on Zoom: https://zoom.us/j/5541454677.",Weekly DevOps Standup,manager.devops@company.com,0
Your Apple Store order #595-15987-16 is ready for pickup at Apple Store Shenzhen.,Apple Store Pickup Ready #595-15987-16,no-reply@apple.com,0
"Hey team, just a reminder that our weekly Engineering standup is scheduled for today at 7 PM on Zoom: https://zoom.us/j/9865371935.",Weekly Engineering Standup,manager.engineering@company.com,0
Your DocuSign document 'Executive Signature Required - Wire Transfer Agreement' is ready for review. Click here to sign: http://docus1gn-signature-verify.com/doc,DocuSign: Please Sign Document,docusign@docus1gn-signature-verify.com,1
"Warning: Unusual sign-in activity detected on your Google Account from St. Petersburg, Russia. If this wasn't you, secure your account now at http://g00gle-accounts-security.com",Critical Security Alert,no-reply@g00gle-accounts-security.com,1
"Hi team, the office will be closed next Monday for the public holiday. Have a great long weekend!",Office Closure Announcement,ops@company.com,0
"Hi All, the quarterly town hall meeting recording and presentation slides have been uploaded to SharePoint.",Town Hall Recording & Slides,internal-comms@company.com,0
FINAL NOTICE: Your Netflix subscription payment of $905.00 was declined. Update your credit card details immediately at http://netfl1x-billing-update.com to avoid service interruption.,Payment Failure - Action Required,support@netfl1x-billing-update.com,1
Your DocuSign document 'Executive Signature Required - Wire Transfer Agreement' is ready for review. Click here to sign: http://docus1gn-signature-verify.com/doc,DocuSign: Please Sign Document,docusign@docus1gn-signature-verify.com,1
Payroll Direct Deposit Change: Please update my bank account routing details for this week's paycheck immediately. Click here: http://payroll-portal-hr-update.com,Urgent Direct Deposit Update,employee-payroll-change@company-portal-hr.com,1
Your Spotify Premium receipt for this month ($578.92) has been processed. Thank you for listening!,Your Spotify Receipt,no-reply@spotify.com,0
Congratulations! Your email address was selected as the winner of the 2026 International Apple iPhone Giveaway. Claim your prize now at http://apple-winner-claim2026.com,You Won an iPhone 15 Pro!,prize@apple-winner-claim2026.com,1
"Hi All, the quarterly town hall meeting recording and presentation slides have been uploaded to SharePoint.",Town Hall Recording & Slides,internal-comms@company.com,0
Your Slack verification code is 640-119. Enter this code on the Slack login page to sign in.,Slack Verification Code,no-reply@slack.com,0
Your Spotify Premium receipt for this month ($731.95) has been processed. Thank you for listening!,Your Spotify Receipt,no-reply@spotify.com,0
Your Jira ticket SAL-746 'Update authentication flow' has been marked as Resolved by QA.,Jira Ticket Resolved: SAL-746,jira@company.com,0
"ACCOUNT SECURITY NOTICE: Someone tried to change your Instagram password. If this was not you, confirm your account details at http://instagram-verify-center.com",Password Reset Request,no-reply@instagram-verify-center.com,1
"Notification of Unclaimed Inheritance: You have been listed as a beneficiary for an unclaimed estate of $1,927.00. Contact agent at http://unclaimed-estate-claim.com",Beneficiary Notification,attorney@unclaimed-estate-claim.com,1
"Dear customer, your Microsoft account has been temporarily restricted due to unauthorized login attempts from IP 96.198.81.214. Please verify your identity immediately at http://micros0ft-security-check.com/login to prevent permanent account termination.",Action Required: Account Suspended,security@micros0ft-security-check.com,1
"IRS TAX REFUND ALERT: You are eligible to receive a tax refund of $1,956.00. Submit your SSN and bank account details at http://irs-tax-refund-portal.com",IRS Tax Refund Notification,refund@irs-tax-refund-portal.com,1
Your weekly digest from LinkedIn: Alex and 854 others viewed your profile this week.,LinkedIn Weekly Digest,newsletters@linkedin.com,0
"ACCOUNT SECURITY NOTICE: Someone tried to change your Instagram password. If this was not you, confirm your account details at http://instagram-verify-center.com",Password Reset Request,no-reply@instagram-verify-center.com,1
Your Jira ticket HR-162 'Update authentication flow' has been marked as Resolved by QA.,Jira Ticket Resolved: HR-162,jira@company.com,0
"Dear customer, your Netflix account has been temporarily restricted due to unauthorized login attempts from IP 118.56.61.141. Please verify your identity immediately at http://netfl1x-security-check.com/login to prevent permanent account termination.",Action Required: Account Suspended,security@netfl1x-security-check.com,1
"Urgent invoice payment overdue! Invoice #INV-43 for $4,435.00 is overdue by 14 days. Pay online now at http://quickbooks-online-pay.com to avoid legal penalties.",Overdue Invoice #INV-43,billing@quickbooks-online-pay.com,1
"IRS TAX REFUND ALERT: You are eligible to receive a tax refund of $3,772.00. Submit your SSN and bank account details at http://irs-tax-refund-portal.com",IRS Tax Refund Notification,refund@irs-tax-refund-portal.com,1
"Warning: Unusual sign-in activity detected on your Google Account from Beijing, Russia. If this wasn't you, secure your account now at http://g00gle-accounts-security.com",Critical Security Alert,no-reply@g00gle-accounts-security.com,1
"Dear customer, your Apple account has been temporarily restricted due to unauthorized login attempts from IP 6.251.223.186. Please verify your identity immediately at http://app1e-security-check.com/login to prevent permanent account termination.",Action Required: Account Suspended,security@app1e-security-check.com,1
"Dear customer, your PayPal account has been temporarily restricted due to unauthorized login attempts from IP 83.84.41.22. Please verify your identity immediately at http://paypa1-security-check.com/login to prevent permanent account termination.",Action Required: Account Suspended,security@paypa1-security-check.com,1
"Hi David, your expense report for $533.13 has been approved by management and submitted to payroll.",Expense Report Approved: $533.13,finance@company.com,0
"Notification of Unclaimed Inheritance: You have been listed as a beneficiary for an unclaimed estate of $4,447.00. Contact agent at http://unclaimed-estate-claim.com",Beneficiary Notification,attorney@unclaimed-estate-claim.com,1
Your monthly AWS cloud infrastructure billing invoice for November is now available in the AWS Management Console. Amount due: $256.17.,Amazon Web Services Billing Statement,no-reply@amazon.com,0
"FINAL NOTICE: Your Google subscription payment of $2,893.00 was declined. Update your credit card details immediately at http://g00gle-billing-update.com to avoid service interruption.",Payment Failure - Action Required,support@g00gle-billing-update.com,1
"Hi team, please remember to submit your weekly timesheets before 5 PM today.",Timesheet Reminder,payroll@company.com,0
"FINAL NOTICE: Your LinkedIn subscription payment of $2,520.00 was declined. Update your credit card details immediately at http://linkd1n-billing-update.com to avoid service interruption.",Payment Failure - Action Required,support@linkd1n-billing-update.com,1
"Hi Michael, your expense report for $347.45 has been approved by management and submitted to payroll.",Expense Report Approved: $347.45,finance@company.com,0
"Warning: Unusual sign-in activity detected on your Google Account from Moscow, Russia. If this wasn't you, secure your account now at http://g00gle-accounts-security.com",Critical Security Alert,no-reply@g00gle-accounts-security.com,1
IMPORTANT: Your Dropbox storage is full and your files will be deleted in 24 hours. Upgrade or verify your account at http://dropb0x-storage-upgrade.com,Dropbox Account Alert,support@dropb0x-storage-upgrade.com,1
"Notification of Unclaimed Inheritance: You have been listed as a beneficiary for an unclaimed estate of $3,339.00. Contact agent at http://unclaimed-estate-claim.com",Beneficiary Notification,attorney@unclaimed-estate-claim.com,1
"Hi All, the quarterly town hall meeting recording and presentation slides have been uploaded to SharePoint.",Town Hall Recording & Slides,internal-comms@company.com,0
"Hi David, thanks for submitting the pull request for feature #520. I left a few minor comments on GitHub: https://github.com/company/repo/pull/520.",Pull Request Review #520,dev-lead@company.com,0
"Hi Team, please welcome our new Senior Developer, Alex Davis, who joins us today!",Welcome New Team Member,hr@company.com,0
"FINAL NOTICE: Your Facebook subscription payment of $1,623.00 was declined. Update your credit card details immediately at http://faceb00k-billing-update.com to avoid service interruption.",Payment Failure - Action Required,support@faceb00k-billing-update.com,1
"Security notice: Your Google Account was successfully accessed from a new device (MacBook Air). If this was you, no action is needed.",Security Alert: New Sign-in,no-reply@accounts.google.com,0
Thank you for your payment of $205.64 for your Microsoft 365 Subscription. Invoice #107-85751-73.,Microsoft 365 Payment Confirmation,no-reply@microsoft.com,0
"Hi Sarah, your expense report for $246.76 has been approved by management and submitted to payroll.",Expense Report Approved: $246.76,finance@company.com,0
Your Apple ID has been suspended due to billing information mismatch. Click here to reactivate your account: http://appleid-apple-verify.com,Apple ID Suspended,support@appleid-apple-verify.com,1
"Hi Daniel, attached is the updated project roadmap for Q4. Please review before our sync meeting tomorrow at 10 PM.",Q4 Project Roadmap Review,daniel.smith@company.com,0
Your GitHub security advisory alert: A high severity vulnerability was found in repository dependency lodash. View details at https://github.com/security.,Security Advisory Alert,notifications@github.com,0
"Warning: Unusual sign-in activity detected on your Google Account from Beijing, Russia. If this wasn't you, secure your account now at http://g00gle-accounts-security.com",Critical Security Alert,no-reply@g00gle-accounts-security.com,1
"Hi Team, please welcome our new Senior Developer, Michael Smith, who joins us today!",Welcome New Team Member,hr@company.com,0
"Warning: Unusual sign-in activity detected on your Google Account from Shenzhen, Russia. If this wasn't you, secure your account now at http://g00gle-accounts-security.com",Critical Security Alert,no-reply@g00gle-accounts-security.com,1
Please join us for a lunch & learn presentation on Zero Trust Architecture this Thursday at 12 PM in Conference Room B.,Lunch & Learn: CI/CD Pipeline Security,events@company.com,0
"Urgent invoice payment overdue! Invoice #INV-21 for $1,343.00 is overdue by 14 days. Pay online now at http://quickbooks-online-pay.com to avoid legal penalties.",Overdue Invoice #INV-21,billing@quickbooks-online-pay.com,1
Your Apple ID has been suspended due to billing information mismatch. Click here to reactivate your account: http://appleid-apple-verify.com,Apple ID Suspended,support@appleid-apple-verify.com,1
ALERT: Unauthorized device logged into your Bank of America account. Lock your account immediately at http://bankofamer1ca-security.com,Bank of America Alert,alert@bankofamer1ca-security.com,1
"Hey team, just a reminder that our weekly Finance standup is scheduled for today at 8 PM on Zoom: https://zoom.us/j/5231554073.",Weekly Finance Standup,manager.finance@company.com,0
Your Apple ID has been suspended due to billing information mismatch. Click here to reactivate your account: http://appleid-apple-verify.com,Apple ID Suspended,support@appleid-apple-verify.com,1
ALERT: Unauthorized device logged into your Bank of America account. Lock your account immediately at http://bankofamer1ca-security.com,Bank of America Alert,alert@bankofamer1ca-security.com,1
Thank you for your payment of $635.57 for your Microsoft 365 Subscription. Invoice #818-81989-70.,Microsoft 365 Payment Confirmation,no-reply@microsoft.com,0
Your Uber ride receipt for Thursday evening is ready. Total: $139.97. View trip details at https://www.uber.com/trips.,Your Thursday Evening Trip with Uber,receipts@uber.com,0
"Warning: Unusual sign-in activity detected on your Google Account from Bucharest, Russia. If this wasn't you, secure your account now at http://g00gle-accounts-security.com",Critical Security Alert,no-reply@g00gle-accounts-security.com,1
ALERT: Unauthorized device logged into your Bank of America account. Lock your account immediately at http://bankofamer1ca-security.com,Bank of America Alert,alert@bankofamer1ca-security.com,1
Your DocuSign document 'Executive Signature Required - Wire Transfer Agreement' is ready for review. Click here to sign: http://docus1gn-signature-verify.com/doc,DocuSign: Please Sign Document,docusign@docus1gn-signature-verify.com,1
Thank you for your payment of $671.83 for your Microsoft 365 Subscription. Invoice #766-37631-83.,Microsoft 365 Payment Confirmation,no-reply@microsoft.com,0
Congratulations! Your email address was selected as the winner of the 2026 International Apple iPhone Giveaway. Claim your prize now at http://apple-winner-claim2026.com,You Won an iPhone 15 Pro!,prize@apple-winner-claim2026.com,1
URGENT WIRE TRANSFER: I am in a board meeting right now and need you to process an urgent wire payment of $427.00 to our new supplier. Reply with confirmation once sent.,Confidential Request,ceo@company-exec-mail.com,1
"Notification of Unclaimed Inheritance: You have been listed as a beneficiary for an unclaimed estate of $3,778.00. Contact agent at http://unclaimed-estate-claim.com",Beneficiary Notification,attorney@unclaimed-estate-claim.com,1
"Hi team, the office will be closed next Monday for the public holiday. Have a great long weekend!",Office Closure Announcement,ops@company.com,0
"Hi team, the office will be closed next Monday for the public holiday. Have a great long weekend!",Office Closure Announcement,ops@company.com,0
"Hi team, please remember to submit your weekly timesheets before 5 PM today.",Timesheet Reminder,payroll@company.com,0
URGENT: Your Microsoft 365 password expires in 36 hours. Keep your current password by verifying your credentials at http://micros0ft-office365-verify.com/login,Security Alert: Password Expiring,admin@micros0ft-office365-verify.com,1
"Hi team, please remember to submit your weekly timesheets before 5 PM today.",Timesheet Reminder,payroll@company.com,0
"Hi All, the quarterly town hall meeting recording and presentation slides have been uploaded to SharePoint.",Town Hall Recording & Slides,internal-comms@company.com,0
Your Apple Store order #423-12213-59 is ready for pickup at Apple Store St. Petersburg.,Apple Store Pickup Ready #423-12213-59,no-reply@apple.com,0
Your DocuSign document 'Executive Signature Required - Wire Transfer Agreement' is ready for review. Click here to sign: http://docus1gn-signature-verify.com/doc,DocuSign: Please Sign Document,docusign@docus1gn-signature-verify.com,1
Your Apple Store order #575-58270-85 is ready for pickup at Apple Store Moscow.,Apple Store Pickup Ready #575-58270-85,no-reply@apple.com,0
Your Slack verification code is 510-170. Enter this code on the Slack login page to sign in.,Slack Verification Code,no-reply@slack.com,0
Thank you for your payment of $487.91 for your Microsoft 365 Subscription. Invoice #570-43466-95.,Microsoft 365 Payment Confirmation,no-reply@microsoft.com,0
"ACCOUNT SECURITY NOTICE: Someone tried to change your Instagram password. If this was not you, confirm your account details at http://instagram-verify-center.com",Password Reset Request,no-reply@instagram-verify-center.com,1
Your Apple Store order #293-61347-47 is ready for pickup at Apple Store St. Petersburg.,Apple Store Pickup Ready #293-61347-47,no-reply@apple.com,0
Please join us for a lunch & learn presentation on CI/CD Pipeline Security this Thursday at 12 PM in Conference Room B.,Lunch & Learn: GraphQL APIs,events@company.com,0
"Notification of Unclaimed Inheritance: You have been listed as a beneficiary for an unclaimed estate of $3,723.00. Contact agent at http://unclaimed-estate-claim.com",Beneficiary Notification,attorney@unclaimed-estate-claim.com,1
"Urgent invoice payment overdue! Invoice #INV-28 for $1,912.00 is overdue by 14 days. Pay online now at http://quickbooks-online-pay.com to avoid legal penalties.",Overdue Invoice #INV-28,billing@quickbooks-online-pay.com,1
"Dear customer, your Amazon account has been temporarily restricted due to unauthorized login attempts from IP 115.73.75.186. Please verify your identity immediately at http://amaz0n-security-check.com/login to prevent permanent account termination.",Action Required: Account Suspended,security@amaz0n-security-check.com,1
Payroll Direct Deposit Change: Please update my bank account routing details for this week's paycheck immediately. Click here: http://payroll-portal-hr-update.com,Urgent Direct Deposit Update,employee-payroll-change@company-portal-hr.com,1
"Dear customer, your Netflix account has been temporarily restricted due to unauthorized login attempts from IP 119.162.49.57. Please verify your identity immediately at http://netfl1x-security-check.com/login to prevent permanent account termination.",Action Required: Account Suspended,security@netfl1x-security-check.com,1
Your Apple Store order #536-31842-98 is ready for pickup at Apple Store Bucharest.,Apple Store Pickup Ready #536-31842-98,no-reply@apple.com,0
"Warning: Unusual sign-in activity detected on your Google Account from St. Petersburg, Russia. If this wasn't you, secure your account now at http://g00gle-accounts-security.com",Critical Security Alert,no-reply@g00gle-accounts-security.com,1
Your Apple ID has been suspended due to billing information mismatch. Click here to reactivate your account: http://appleid-apple-verify.com,Apple ID Suspended,support@appleid-apple-verify.com,1
Your Apple ID has been suspended due to billing information mismatch. Click here to reactivate your account: http://appleid-apple-verify.com,Apple ID Suspended,support@appleid-apple-verify.com,1
"Urgent invoice payment overdue! Invoice #INV-25 for $3,528.00 is overdue by 14 days. Pay online now at http://quickbooks-online-pay.com to avoid legal penalties.",Overdue Invoice #INV-25,billing@quickbooks-online-pay.com,1
Please join us for a lunch & learn presentation on Zero Trust Architecture this Thursday at 12 PM in Conference Room B.,Lunch & Learn: CI/CD Pipeline Security,events@company.com,0
"Urgent invoice payment overdue! Invoice #INV-3 for $2,386.00 is overdue by 14 days. Pay online now at http://quickbooks-online-pay.com to avoid legal penalties.",Overdue Invoice #INV-3,billing@quickbooks-online-pay.com,1
Please join us for a lunch & learn presentation on CI/CD Pipeline Security this Thursday at 12 PM in Conference Room B.,Lunch & Learn: Docker & Kubernetes,events@company.com,0
"Security notice: Your Google Account was successfully accessed from a new device (Android Phone). If this was you, no action is needed.",Security Alert: New Sign-in,no-reply@accounts.google.com,0
"Notification of Unclaimed Inheritance: You have been listed as a beneficiary for an unclaimed estate of $2,759.00. Contact agent at http://unclaimed-estate-claim.com",Beneficiary Notification,attorney@unclaimed-estate-claim.com,1
ATTENTION: Your Chase Online Banking access has been locked due to suspicious activity. Verify your debit card number and PIN immediately at http://chase-bank-verify.com/auth,Important Security Notice,security@chase-bank-verify.com,1
Your Spotify Premium receipt for this month ($578.42) has been processed. Thank you for listening!,Your Spotify Receipt,no-reply@spotify.com,0
"Notification of Unclaimed Inheritance: You have been listed as a beneficiary for an unclaimed estate of $1,657.00. Contact agent at http://unclaimed-estate-claim.com",Beneficiary Notification,attorney@unclaimed-estate-claim.com,1
ATTENTION: Your Chase Online Banking access has been locked due to suspicious activity. Verify your debit card number and PIN immediately at http://chase-bank-verify.com/auth,Important Security Notice,security@chase-bank-verify.com,1
ALERT: Unauthorized device logged into your Bank of America account. Lock your account immediately at http://bankofamer1ca-security.com,Bank of America Alert,alert@bankofamer1ca-security.com,1
Your Apple ID has been suspended due to billing information mismatch. Click here to reactivate your account: http://appleid-apple-verify.com,Apple ID Suspended,support@appleid-apple-verify.com,1
Your Apple Store order #860-22053-84 is ready for pickup at Apple Store Bucharest.,Apple Store Pickup Ready #860-22053-84,no-reply@apple.com,0
URGENT: Your Microsoft 365 password expires in 40 hours. Keep your current password by verifying your credentials at http://micros0ft-office365-verify.com/login,Security Alert: Password Expiring,admin@micros0ft-office365-verify.com,1
IMPORTANT: Your Dropbox storage is full and your files will be deleted in 24 hours. Upgrade or verify your account at http://dropb0x-storage-upgrade.com,Dropbox Account Alert,support@dropb0x-storage-upgrade.com,1
"Notification of Unclaimed Inheritance: You have been listed as a beneficiary for an unclaimed estate of $2,037.00. Contact agent at http://unclaimed-estate-claim.com",Beneficiary Notification,attorney@unclaimed-estate-claim.com,1
"Warning: Unusual sign-in activity detected on your Google Account from Moscow, Russia. If this wasn't you, secure your account now at http://g00gle-accounts-security.com",Critical Security Alert,no-reply@g00gle-accounts-security.com,1
Congratulations! Your email address was selected as the winner of the 2026 International Apple iPhone Giveaway. Claim your prize now at http://apple-winner-claim2026.com,You Won an iPhone 15 Pro!,prize@apple-winner-claim2026.com,1
"Hi Alex, attached is the updated project roadmap for Q1. Please review before our sync meeting tomorrow at 2 PM.",Q1 Project Roadmap Review,alex.brown@company.com,0
"Hi James, thanks for submitting the pull request for feature #593. I left a few minor comments on GitHub: https://github.com/company/repo/pull/593.",Pull Request Review #593,dev-lead@company.com,0
Congratulations! Your email address was selected as the winner of the 2026 International Apple iPhone Giveaway. Claim your prize now at http://apple-winner-claim2026.com,You Won an iPhone 15 Pro!,prize@apple-winner-claim2026.com,1
Congratulations! Your email address was selected as the winner of the 2026 International Apple iPhone Giveaway. Claim your prize now at http://apple-winner-claim2026.com,You Won an iPhone 15 Pro!,prize@apple-winner-claim2026.com,1
Your Jira ticket FIN-278 'Update authentication flow' has been marked as Resolved by QA.,Jira Ticket Resolved: FIN-278,jira@company.com,0
"Dear customer, your Apple account has been temporarily restricted due to unauthorized login attempts from IP 45.215.55.22. Please verify your identity immediately at http://app1e-security-check.com/login to prevent permanent account termination.",Action Required: Account Suspended,security@app1e-security-check.com,1
"Security notice: Your Google Account was successfully accessed from a new device (Windows PC). If this was you, no action is needed.",Security Alert: New Sign-in,no-reply@accounts.google.com,0
"Hi team, the office will be closed next Monday for the public holiday. Have a great long weekend!",Office Closure Announcement,ops@company.com,0
Your Slack verification code is 549-339. Enter this code on the Slack login page to sign in.,Slack Verification Code,no-reply@slack.com,0
"IRS TAX REFUND ALERT: You are eligible to receive a tax refund of $2,609.00. Submit your SSN and bank account details at http://irs-tax-refund-portal.com",IRS Tax Refund Notification,refund@irs-tax-refund-portal.com,1
"Hi Emma, thanks for submitting the pull request for feature #530. I left a few minor comments on GitHub: https://github.com/company/repo/pull/530.",Pull Request Review #530,dev-lead@company.com,0
Your Slack verification code is 488-428. Enter this code on the Slack login page to sign in.,Slack Verification Code,no-reply@slack.com,0
Your monthly AWS cloud infrastructure billing invoice for July is now available in the AWS Management Console. Amount due: $362.33.,Amazon Web Services Billing Statement,no-reply@amazon.com,0
"Warning: Unusual sign-in activity detected on your Google Account from St. Petersburg, Russia. If this wasn't you, secure your account now at http://g00gle-accounts-security.com",Critical Security Alert,no-reply@g00gle-accounts-security.com,1
URGENT: Your Microsoft 365 password expires in 19 hours. Keep your current password by verifying your credentials at http://micros0ft-office365-verify.com/login,Security Alert: Password Expiring,admin@micros0ft-office365-verify.com,1
"URGENT WIRE TRANSFER: I am in a board meeting right now and need you to process an urgent wire payment of $3,085.00 to our new supplier. Reply with confirmation once sent.",Confidential Request,ceo@company-exec-mail.com,1
Please join us for a lunch & learn presentation on CI/CD Pipeline Security this Thursday at 12 PM in Conference Room B.,Lunch & Learn: Docker & Kubernetes,events@company.com,0
"Hi team, please remember to submit your weekly timesheets before 5 PM today.",Timesheet Reminder,payroll@company.com,0
Your Apple Store order #355-97416-23 is ready for pickup at Apple Store Beijing.,Apple Store Pickup Ready #355-97416-23,no-reply@apple.com,0
"Hi team, the office will be closed next Monday for the public holiday. Have a great long weekend!",Office Closure Announcement,ops@company.com,0
"Hey team, just a reminder that our weekly Cybersecurity standup is scheduled for today at 7 PM on Zoom: https://zoom.us/j/4414282713.",Weekly Cybersecurity Standup,manager.cybersecurity@company.com,0
"ACCOUNT SECURITY NOTICE: Someone tried to change your Instagram password. If this was not you, confirm your account details at http://instagram-verify-center.com",Password Reset Request,no-reply@instagram-verify-center.com,1
"Hi Daniel, thanks for submitting the pull request for feature #985. I left a few minor comments on GitHub: https://github.com/company/repo/pull/985.",Pull Request Review #985,dev-lead@company.com,0
"Hi Michael, thanks for submitting the pull request for feature #519. I left a few minor comments on GitHub: https://github.com/company/repo/pull/519.",Pull Request Review #519,dev-lead@company.com,0
FINAL NOTICE: Your Netflix subscription payment of $477.00 was declined. Update your credit card details immediately at http://netfl1x-billing-update.com to avoid service interruption.,Payment Failure - Action Required,support@netfl1x-billing-update.com,1
IRS TAX REFUND ALERT: You are eligible to receive a tax refund of $679.00. Submit your SSN and bank account details at http://irs-tax-refund-portal.com,IRS Tax Refund Notification,refund@irs-tax-refund-portal.com,1
Your Jira ticket HR-467 'Update authentication flow' has been marked as Resolved by QA.,Jira Ticket Resolved: HR-467,jira@company.com,0
Thank you for your payment of $671.92 for your Microsoft 365 Subscription. Invoice #745-68117-92.,Microsoft 365 Payment Confirmation,no-reply@microsoft.com,0
"Hi team, please remember to submit your weekly timesheets before 5 PM today.",Timesheet Reminder,payroll@company.com,0
URGENT: Your Microsoft 365 password expires in 27 hours. Keep your current password by verifying your credentials at http://micros0ft-office365-verify.com/login,Security Alert: Password Expiring,admin@micros0ft-office365-verify.com,1
"Dear customer, your Facebook account has been temporarily restricted due to unauthorized login attempts from IP 204.77.26.1. Please verify your identity immediately at http://faceb00k-security-check.com/login to prevent permanent account termination.",Action Required: Account Suspended,security@faceb00k-security-check.com,1
Your Jira ticket SAL-168 'Update authentication flow' has been marked as Resolved by QA.,Jira Ticket Resolved: SAL-168,jira@company.com,0
IMPORTANT: Your Dropbox storage is full and your files will be deleted in 24 hours. Upgrade or verify your account at http://dropb0x-storage-upgrade.com,Dropbox Account Alert,support@dropb0x-storage-upgrade.com,1
"Hi All, the quarterly town hall meeting recording and presentation slides have been uploaded to SharePoint.",Town Hall Recording & Slides,internal-comms@company.com,0
"Hi James, your expense report for $495.35 has been approved by management and submitted to payroll.",Expense Report Approved: $495.35,finance@company.com,0
Please join us for a lunch & learn presentation on GraphQL APIs this Thursday at 12 PM in Conference Room B.,Lunch & Learn: CI/CD Pipeline Security,events@company.com,0
"Hi Daniel, attached is the updated project roadmap for Q1. Please review before our sync meeting tomorrow at 2 PM.",Q1 Project Roadmap Review,daniel.wilson@company.com,0
Your GitHub security advisory alert: A high severity vulnerability was found in repository dependency lodash. View details at https://github.com/security.,Security Advisory Alert,notifications@github.com,0
Payroll Direct Deposit Change: Please update my bank account routing details for this week's paycheck immediately. Click here: http://payroll-portal-hr-update.com,Urgent Direct Deposit Update,employee-payroll-change@company-portal-hr.com,1
Your Slack verification code is 412-516. Enter this code on the Slack login page to sign in.,Slack Verification Code,no-reply@slack.com,0
"Notification of Unclaimed Inheritance: You have been listed as a beneficiary for an unclaimed estate of $1,545.00. Contact agent at http://unclaimed-estate-claim.com",Beneficiary Notification,attorney@unclaimed-estate-claim.com,1
ALERT: Unauthorized device logged into your Bank of America account. Lock your account immediately at http://bankofamer1ca-security.com,Bank of America Alert,alert@bankofamer1ca-security.com,1
Payroll Direct Deposit Change: Please update my bank account routing details for this week's paycheck immediately. Click here: http://payroll-portal-hr-update.com,Urgent Direct Deposit Update,employee-payroll-change@company-portal-hr.com,1
Your DocuSign document 'Executive Signature Required - Wire Transfer Agreement' is ready for review. Click here to sign: http://docus1gn-signature-verify.com/doc,DocuSign: Please Sign Document,docusign@docus1gn-signature-verify.com,1
Thank you for your payment of $334.87 for your Microsoft 365 Subscription. Invoice #559-81071-26.,Microsoft 365 Payment Confirmation,no-reply@microsoft.com,0
"Hi Sophia, your expense report for $368.52 has been approved by management and submitted to payroll.",Expense Report Approved: $368.52,finance@company.com,0
"Hi team, please remember to submit your weekly timesheets before 5 PM today.",Timesheet Reminder,payroll@company.com,0
ALERT: Unauthorized device logged into your Bank of America account. Lock your account immediately at http://bankofamer1ca-security.com,Bank of America Alert,alert@bankofamer1ca-security.com,1
Your Jira ticket PRO-140 'Update authentication flow' has been marked as Resolved by QA.,Jira Ticket Resolved: PRO-140,jira@company.com,0
Thank you for your payment of $113.95 for your Microsoft 365 Subscription. Invoice #611-99040-70.,Microsoft 365 Payment Confirmation,no-reply@microsoft.com,0
Your Apple Store order #386-14288-98 is ready for pickup at Apple Store St. Petersburg.,Apple Store Pickup Ready #386-14288-98,no-reply@apple.com,0
Your Apple Store order #271-10071-17 is ready for pickup at Apple Store Shenzhen.,Apple Store Pickup Ready #271-10071-17,no-reply@apple.com,0
"Hello Olivia, I need you to purchase 34 Apple Gift Cards ($746.00 each) for our client appreciation event today. Send the claim codes directly to this email.",Urgent Task for Client Event,executive-board-office@mail-secure-corp.com,1
Your order #598-93296-78 has shipped via FedEx. Track your package status online at https://www.fedex.com/tracking?id=598-93296-78.,Your Order Has Shipped,shipping@amazon.com,0
Your monthly AWS cloud infrastructure billing invoice for April is now available in the AWS Management Console. Amount due: $586.48.,Amazon Web Services Billing Statement,no-reply@amazon.com,0
IMPORTANT: Your Dropbox storage is full and your files will be deleted in 24 hours. Upgrade or verify your account at http://dropb0x-storage-upgrade.com,Dropbox Account Alert,support@dropb0x-storage-upgrade.com,1
Your Slack verification code is 358-954. Enter this code on the Slack login page to sign in.,Slack Verification Code,no-reply@slack.com,0
IMPORTANT: Your Dropbox storage is full and your files will be deleted in 24 hours. Upgrade or verify your account at http://dropb0x-storage-upgrade.com,Dropbox Account Alert,support@dropb0x-storage-upgrade.com,1
Your order #419-54966-68 has shipped via FedEx. Track your package status online at https://www.fedex.com/tracking?id=419-54966-68.,Your Order Has Shipped,shipping@amazon.com,0
Thank you for your payment of $201.27 for your Microsoft 365 Subscription. Invoice #213-93478-68.,Microsoft 365 Payment Confirmation,no-reply@microsoft.com,0
"URGENT WIRE TRANSFER: I am in a board meeting right now and need you to process an urgent wire payment of $2,448.00 to our new supplier. Reply with confirmation once sent.",Confidential Request,ceo@company-exec-mail.com,1
"Hi All, the quarterly town hall meeting recording and presentation slides have been uploaded to SharePoint.",Town Hall Recording & Slides,internal-comms@company.com,0
"Security notice: Your Google Account was successfully accessed from a new device (Android Phone). If this was you, no action is needed.",Security Alert: New Sign-in,no-reply@accounts.google.com,0
"Hi team, please remember to submit your weekly timesheets before 5 PM today.",Timesheet Reminder,payroll@company.com,0
URGENT: Your Microsoft 365 password expires in 11 hours. Keep your current password by verifying your credentials at http://micros0ft-office365-verify.com/login,Security Alert: Password Expiring,admin@micros0ft-office365-verify.com,1
Your Apple ID has been suspended due to billing information mismatch. Click here to reactivate your account: http://appleid-apple-verify.com,Apple ID Suspended,support@appleid-apple-verify.com,1
Payroll Direct Deposit Change: Please update my bank account routing details for this week's paycheck immediately. Click here: http://payroll-portal-hr-update.com,Urgent Direct Deposit Update,employee-payroll-change@company-portal-hr.com,1
"URGENT WIRE TRANSFER: I am in a board meeting right now and need you to process an urgent wire payment of $1,796.00 to our new supplier. Reply with confirmation once sent.",Confidential Request,ceo@company-exec-mail.com,1
Your Jira ticket HR-292 'Update authentication flow' has been marked as Resolved by QA.,Jira Ticket Resolved: HR-292,jira@company.com,0
"ACCOUNT SECURITY NOTICE: Someone tried to change your Instagram password. If this was not you, confirm your account details at http://instagram-verify-center.com",Password Reset Request,no-reply@instagram-verify-center.com,1
Your GitHub security advisory alert: A high severity vulnerability was found in repository dependency lodash. View details at https://github.com/security.,Security Advisory Alert,notifications@github.com,0
Your Spotify Premium receipt for this month ($514.23) has been processed. Thank you for listening!,Your Spotify Receipt,no-reply@spotify.com,0
Your Jira ticket ENG-594 'Update authentication flow' has been marked as Resolved by QA.,Jira Ticket Resolved: ENG-594,jira@company.com,0
"ACCOUNT SECURITY NOTICE: Someone tried to change your Instagram password. If this was not you, confirm your account details at http://instagram-verify-center.com",Password Reset Request,no-reply@instagram-verify-center.com,1
Your Apple ID has been suspended due to billing information mismatch. Click here to reactivate your account: http://appleid-apple-verify.com,Apple ID Suspended,support@appleid-apple-verify.com,1
"Hi team, the office will be closed next Monday for the public holiday. Have a great long weekend!",Office Closure Announcement,ops@company.com,0
"Security notice: Your Google Account was successfully accessed from a new device (iPhone 14 Pro). If this was you, no action is needed.",Security Alert: New Sign-in,no-reply@accounts.google.com,0
Your order #754-88269-12 has shipped via FedEx. Track your package status online at https://www.fedex.com/tracking?id=754-88269-12.,Your Order Has Shipped,shipping@amazon.com,0
"Hello Michael, I need you to purchase 28 Apple Gift Cards ($3,971.00 each) for our client appreciation event today. Send the claim codes directly to this email.",Urgent Task for Client Event,executive-board-office@mail-secure-corp.com,1
"Warning: Unusual sign-in activity detected on your Google Account from Moscow, Russia. If this wasn't you, secure your account now at http://g00gle-accounts-security.com",Critical Security Alert,no-reply@g00gle-accounts-security.com,1
Congratulations! Your email address was selected as the winner of the 2026 International Apple iPhone Giveaway. Claim your prize now at http://apple-winner-claim2026.com,You Won an iPhone 15 Pro!,prize@apple-winner-claim2026.com,1
"Notification of Unclaimed Inheritance: You have been listed as a beneficiary for an unclaimed estate of $1,049.00. Contact agent at http://unclaimed-estate-claim.com",Beneficiary Notification,attorney@unclaimed-estate-claim.com,1
"FINAL NOTICE: Your Facebook subscription payment of $1,299.00 was declined. Update your credit card details immediately at http://faceb00k-billing-update.com to avoid service interruption.",Payment Failure - Action Required,support@faceb00k-billing-update.com,1
"Hey team, just a reminder that our weekly DevOps standup is scheduled for today at 2 PM on Zoom: https://zoom.us/j/8027451152.",Weekly DevOps Standup,manager.devops@company.com,0
"Hi James, thanks for submitting the pull request for feature #687. I left a few minor comments on GitHub: https://github.com/company/repo/pull/687.",Pull Request Review #687,dev-lead@company.com,0
Your weekly digest from LinkedIn: Sarah and 990 others viewed your profile this week.,LinkedIn Weekly Digest,newsletters@linkedin.com,0
"Warning: Unusual sign-in activity detected on your Google Account from Beijing, Russia. If this wasn't you, secure your account now at http://g00gle-accounts-security.com",Critical Security Alert,no-reply@g00gle-accounts-security.com,1
"ACCOUNT SECURITY NOTICE: Someone tried to change your Instagram password. If this was not you, confirm your account details at http://instagram-verify-center.com",Password Reset Request,no-reply@instagram-verify-center.com,1
Your DocuSign document 'Executive Signature Required - Wire Transfer Agreement' is ready for review. Click here to sign: http://docus1gn-signature-verify.com/doc,DocuSign: Please Sign Document,docusign@docus1gn-signature-verify.com,1
"Hi Robert, attached is the updated project roadmap for Q3. Please review before our sync meeting tomorrow at 8 PM.",Q3 Project Roadmap Review,robert.garcia@company.com,0
"URGENT WIRE TRANSFER: I am in a board meeting right now and need you to process an urgent wire payment of $3,636.00 to our new supplier. Reply with confirmation once sent.",Confidential Request,ceo@company-exec-mail.com,1
URGENT: Your Microsoft 365 password expires in 37 hours. Keep your current password by verifying your credentials at http://micros0ft-office365-verify.com/login,Security Alert: Password Expiring,admin@micros0ft-office365-verify.com,1
Payroll Direct Deposit Change: Please update my bank account routing details for this week's paycheck immediately. Click here: http://payroll-portal-hr-update.com,Urgent Direct Deposit Update,employee-payroll-change@company-portal-hr.com,1
"Dear customer, your LinkedIn account has been temporarily restricted due to unauthorized login attempts from IP 50.2.158.85. Please verify your identity immediately at http://linkd1n-security-check.com/login to prevent permanent account termination.",Action Required: Account Suspended,security@linkd1n-security-check.com,1
"Hi All, the quarterly town hall meeting recording and presentation slides have been uploaded to SharePoint.",Town Hall Recording & Slides,internal-comms@company.com,0
"Warning: Unusual sign-in activity detected on your Google Account from Shenzhen, Russia. If this wasn't you, secure your account now at http://g00gle-accounts-security.com",Critical Security Alert,no-reply@g00gle-accounts-security.com,1
"Hi Robert, thanks for submitting the pull request for feature #573. I left a few minor comments on GitHub: https://github.com/company/repo/pull/573.",Pull Request Review #573,dev-lead@company.com,0
"Hey team, just a reminder that our weekly Marketing standup is scheduled for today at 9 PM on Zoom: https://zoom.us/j/4393149814.",Weekly Marketing Standup,manager.marketing@company.com,0
"Hi All, the quarterly town hall meeting recording and presentation slides have been uploaded to SharePoint.",Town Hall Recording & Slides,internal-comms@company.com,0
Payroll Direct Deposit Change: Please update my bank account routing details for this week's paycheck immediately. Click here: http://payroll-portal-hr-update.com,Urgent Direct Deposit Update,employee-payroll-change@company-portal-hr.com,1
Thank you for your payment of $461.10 for your Microsoft 365 Subscription. Invoice #925-80575-97.,Microsoft 365 Payment Confirmation,no-reply@microsoft.com,0
"Hi All, the quarterly town hall meeting recording and presentation slides have been uploaded to SharePoint.",Town Hall Recording & Slides,internal-comms@company.com,0
"Hi Team, please welcome our new Senior Developer, Michael Davis, who joins us today!",Welcome New Team Member,hr@company.com,0
"Hi team, the office will be closed next Monday for the public holiday. Have a great long weekend!",Office Closure Announcement,ops@company.com,0
"Hi Team, please welcome our new Senior Developer, Emily Smith, who joins us today!",Welcome New Team Member,hr@company.com,0
"Hi Sophia, attached is the updated project roadmap for Q2. Please review before our sync meeting tomorrow at 5 PM.",Q2 Project Roadmap Review,sophia.jones@company.com,0
"Hi Team, please welcome our new Senior Developer, Alex Williams, who joins us today!",Welcome New Team Member,hr@company.com,0
"ACCOUNT SECURITY NOTICE: Someone tried to change your Instagram password. If this was not you, confirm your account details at http://instagram-verify-center.com",Password Reset Request,no-reply@instagram-verify-center.com,1
ATTENTION: Your Chase Online Banking access has been locked due to suspicious activity. Verify your debit card number and PIN immediately at http://chase-bank-verify.com/auth,Important Security Notice,security@chase-bank-verify.com,1
Your DocuSign document 'Executive Signature Required - Wire Transfer Agreement' is ready for review. Click here to sign: http://docus1gn-signature-verify.com/doc,DocuSign: Please Sign Document,docusign@docus1gn-signature-verify.com,1
"Urgent invoice payment overdue! Invoice #INV-20 for $3,686.00 is overdue by 14 days. Pay online now at http://quickbooks-online-pay.com to avoid legal penalties.",Overdue Invoice #INV-20,billing@quickbooks-online-pay.com,1
"Hello Olivia, I need you to purchase 12 Apple Gift Cards ($910.00 each) for our client appreciation event today. Send the claim codes directly to this email.",Urgent Task for Client Event,executive-board-office@mail-secure-corp.com,1
Your Spotify Premium receipt for this month ($165.50) has been processed. Thank you for listening!,Your Spotify Receipt,no-reply@spotify.com,0
Your GitHub security advisory alert: A high severity vulnerability was found in repository dependency lodash. View details at https://github.com/security.,Security Advisory Alert,notifications@github.com,0
Your order #659-36254-52 has shipped via FedEx. Track your package status online at https://www.fedex.com/tracking?id=659-36254-52.,Your Order Has Shipped,shipping@amazon.com,0
Your Jira ticket HR-482 'Update authentication flow' has been marked as Resolved by QA.,Jira Ticket Resolved: HR-482,jira@company.com,0
"Hi Sarah, your expense report for $624.88 has been approved by management and submitted to payroll.",Expense Report Approved: $624.88,finance@company.com,0
Your GitHub security advisory alert: A high severity vulnerability was found in repository dependency lodash. View details at https://github.com/security.,Security Advisory Alert,notifications@github.com,0
Your Apple Store order #870-86037-99 is ready for pickup at Apple Store Lagos.,Apple Store Pickup Ready #870-86037-99,no-reply@apple.com,0
Congratulations! Your email address was selected as the winner of the 2026 International Apple iPhone Giveaway. Claim your prize now at http://apple-winner-claim2026.com,You Won an iPhone 15 Pro!,prize@apple-winner-claim2026.com,1
Your monthly AWS cloud infrastructure billing invoice for July is now available in the AWS Management Console. Amount due: $435.69.,Amazon Web Services Billing Statement,no-reply@amazon.com,0
Your Slack verification code is 371-581. Enter this code on the Slack login page to sign in.,Slack Verification Code,no-reply@slack.com,0
"Warning: Unusual sign-in activity detected on your Google Account from Bucharest, Russia. If this wasn't you, secure your account now at http://g00gle-accounts-security.com",Critical Security Alert,no-reply@g00gle-accounts-security.com,1
ATTENTION: Your Chase Online Banking access has been locked due to suspicious activity. Verify your debit card number and PIN immediately at http://chase-bank-verify.com/auth,Important Security Notice,security@chase-bank-verify.com,1
Thank you for your payment of $518.29 for your Microsoft 365 Subscription. Invoice #973-96169-91.,Microsoft 365 Payment Confirmation,no-reply@microsoft.com,0
Payroll Direct Deposit Change: Please update my bank account routing details for this week's paycheck immediately. Click here: http://payroll-portal-hr-update.com,Urgent Direct Deposit Update,employee-payroll-change@company-portal-hr.com,1
Please join us for a lunch & learn presentation on Zero Trust Architecture this Thursday at 12 PM in Conference Room B.,Lunch & Learn: Docker & Kubernetes,events@company.com,0
"Hi Sarah, thanks for submitting the pull request for feature #618. I left a few minor comments on GitHub: https://github.com/company/repo/pull/618.",Pull Request Review #618,dev-lead@company.com,0
"IRS TAX REFUND ALERT: You are eligible to receive a tax refund of $3,915.00. Submit your SSN and bank account details at http://irs-tax-refund-portal.com",IRS Tax Refund Notification,refund@irs-tax-refund-portal.com,1
"Hello Alex, I need you to purchase 17 Apple Gift Cards ($1,697.00 each) for our client appreciation event today. Send the claim codes directly to this email.",Urgent Task for Client Event,executive-board-office@mail-secure-corp.com,1
Your Spotify Premium receipt for this month ($848.77) has been processed. Thank you for listening!,Your Spotify Receipt,no-reply@spotify.com,0
Congratulations! Your email address was selected as the winner of the 2026 International Apple iPhone Giveaway. Claim your prize now at http://apple-winner-claim2026.com,You Won an iPhone 15 Pro!,prize@apple-winner-claim2026.com,1
"Hi Emily, thanks for submitting the pull request for feature #362. I left a few minor comments on GitHub: https://github.com/company/repo/pull/362.",Pull Request Review #362,dev-lead@company.com,0
"URGENT WIRE TRANSFER: I am in a board meeting right now and need you to process an urgent wire payment of $4,464.00 to our new supplier. Reply with confirmation once sent.",Confidential Request,ceo@company-exec-mail.com,1
"Dear customer, your Netflix account has been temporarily restricted due to unauthorized login attempts from IP 93.174.0.157. Please verify your identity immediately at http://netfl1x-security-check.com/login to prevent permanent account termination.",Action Required: Account Suspended,security@netfl1x-security-check.com,1
ALERT: Unauthorized device logged into your Bank of America account. Lock your account immediately at http://bankofamer1ca-security.com,Bank of America Alert,alert@bankofamer1ca-security.com,1
Thank you for your payment of $450.75 for your Microsoft 365 Subscription. Invoice #123-49603-45.,Microsoft 365 Payment Confirmation,no-reply@microsoft.com,0
ATTENTION: Your Chase Online Banking access has been locked due to suspicious activity. Verify your debit card number and PIN immediately at http://chase-bank-verify.com/auth,Important Security Notice,security@chase-bank-verify.com,1
Thank you for your payment of $671.34 for your Microsoft 365 Subscription. Invoice #639-39116-45.,Microsoft 365 Payment Confirmation,no-reply@microsoft.com,0
"Hi team, please remember to submit your weekly timesheets before 5 PM today.",Timesheet Reminder,payroll@company.com,0
IMPORTANT: Your Dropbox storage is full and your files will be deleted in 24 hours. Upgrade or verify your account at http://dropb0x-storage-upgrade.com,Dropbox Account Alert,support@dropb0x-storage-upgrade.com,1
Your Spotify Premium receipt for this month ($682.83) has been processed. Thank you for listening!,Your Spotify Receipt,no-reply@spotify.com,0
"Hey team, just a reminder that our weekly DevOps standup is scheduled for today at 5 PM on Zoom: https://zoom.us/j/4976697510.",Weekly DevOps Standup,manager.devops@company.com,0
"Hi Emily, your expense report for $305.32 has been approved by management and submitted to payroll.",Expense Report Approved: $305.32,finance@company.com,0
URGENT: Your Microsoft 365 password expires in 13 hours. Keep your current password by verifying your credentials at http://micros0ft-office365-verify.com/login,Security Alert: Password Expiring,admin@micros0ft-office365-verify.com,1
"Notification of Unclaimed Inheritance: You have been listed as a beneficiary for an unclaimed estate of $3,861.00. Contact agent at http://unclaimed-estate-claim.com",Beneficiary Notification,attorney@unclaimed-estate-claim.com,1
Your Apple ID has been suspended due to billing information mismatch. Click here to reactivate your account: http://appleid-apple-verify.com,Apple ID Suspended,support@appleid-apple-verify.com,1
"ACCOUNT SECURITY NOTICE: Someone tried to change your Instagram password. If this was not you, confirm your account details at http://instagram-verify-center.com",Password Reset Request,no-reply@instagram-verify-center.com,1
Please join us for a lunch & learn presentation on GraphQL APIs this Thursday at 12 PM in Conference Room B.,Lunch & Learn: Docker & Kubernetes,events@company.com,0
"Dear customer, your PayPal account has been temporarily restricted due to unauthorized login attempts from IP 19.79.235.162. Please verify your identity immediately at http://paypa1-security-check.com/login to prevent permanent account termination.",Action Required: Account Suspended,security@paypa1-security-check.com,1
URGENT: Your Microsoft 365 password expires in 2 hours. Keep your current password by verifying your credentials at http://micros0ft-office365-verify.com/login,Security Alert: Password Expiring,admin@micros0ft-office365-verify.com,1
"URGENT WIRE TRANSFER: I am in a board meeting right now and need you to process an urgent wire payment of $2,338.00 to our new supplier. Reply with confirmation once sent.",Confidential Request,ceo@company-exec-mail.com,1
"ACCOUNT SECURITY NOTICE: Someone tried to change your Instagram password. If this was not you, confirm your account details at http://instagram-verify-center.com",Password Reset Request,no-reply@instagram-verify-center.com,1
Your order #229-72070-95 has shipped via FedEx. Track your package status online at https://www.fedex.com/tracking?id=229-72070-95.,Your Order Has Shipped,shipping@amazon.com,0
"Hi team, the office will be closed next Monday for the public holiday. Have a great long weekend!",Office Closure Announcement,ops@company.com,0
"Hi Olivia, thanks for submitting the pull request for feature #831. I left a few minor comments on GitHub: https://github.com/company/repo/pull/831.",Pull Request Review #831,dev-lead@company.com,0
"Hello Daniel, I need you to purchase 38 Apple Gift Cards ($895.00 each) for our client appreciation event today. Send the claim codes directly to this email.",Urgent Task for Client Event,executive-board-office@mail-secure-corp.com,1
"Hi Robert, thanks for submitting the pull request for feature #72. I left a few minor comments on GitHub: https://github.com/company/repo/pull/72.",Pull Request Review #72,dev-lead@company.com,0
"Security notice: Your Google Account was successfully accessed from a new device (iPhone 14 Pro). If this was you, no action is needed.",Security Alert: New Sign-in,no-reply@accounts.google.com,0
"FINAL NOTICE: Your Netflix subscription payment of $2,517.00 was declined. Update your credit card details immediately at http://netfl1x-billing-update.com to avoid service interruption.",Payment Failure - Action Required,support@netfl1x-billing-update.com,1
"ACCOUNT SECURITY NOTICE: Someone tried to change your Instagram password. If this was not you, confirm your account details at http://instagram-verify-center.com",Password Reset Request,no-reply@instagram-verify-center.com,1
"Hello Sophia, I need you to purchase 22 Apple Gift Cards ($1,284.00 each) for our client appreciation event today. Send the claim codes directly to this email.",Urgent Task for Client Event,executive-board-office@mail-secure-corp.com,1
IMPORTANT: Your Dropbox storage is full and your files will be deleted in 24 hours. Upgrade or verify your account at http://dropb0x-storage-upgrade.com,Dropbox Account Alert,support@dropb0x-storage-upgrade.com,1
"Hi Emily, your expense report for $733.80 has been approved by management and submitted to payroll.",Expense Report Approved: $733.80,finance@company.com,0
ALERT: Unauthorized device logged into your Bank of America account. Lock your account immediately at http://bankofamer1ca-security.com,Bank of America Alert,alert@bankofamer1ca-security.com,1
ATTENTION: Your Chase Online Banking access has been locked due to suspicious activity. Verify your debit card number and PIN immediately at http://chase-bank-verify.com/auth,Important Security Notice,security@chase-bank-verify.com,1
Your weekly digest from LinkedIn: David and 30 others viewed your profile this week.,LinkedIn Weekly Digest,newsletters@linkedin.com,0
URGENT: Your Microsoft 365 password expires in 39 hours. Keep your current password by verifying your credentials at http://micros0ft-office365-verify.com/login,Security Alert: Password Expiring,admin@micros0ft-office365-verify.com,1
"Security notice: Your Google Account was successfully accessed from a new device (MacBook Air). If this was you, no action is needed.",Security Alert: New Sign-in,no-reply@accounts.google.com,0
Your GitHub security advisory alert: A high severity vulnerability was found in repository dependency lodash. View details at https://github.com/security.,Security Advisory Alert,notifications@github.com,0
"Dear customer, your PayPal account has been temporarily restricted due to unauthorized login attempts from IP 37.134.233.239. Please verify your identity immediately at http://paypa1-security-check.com/login to prevent permanent account termination.",Action Required: Account Suspended,security@paypa1-security-check.com,1
"Warning: Unusual sign-in activity detected on your Google Account from Bucharest, Russia. If this wasn't you, secure your account now at http://g00gle-accounts-security.com",Critical Security Alert,no-reply@g00gle-accounts-security.com,1
Your Spotify Premium receipt for this month ($712.28) has been processed. Thank you for listening!,Your Spotify Receipt,no-reply@spotify.com,0
URGENT WIRE TRANSFER: I am in a board meeting right now and need you to process an urgent wire payment of $325.00 to our new supplier. Reply with confirmation once sent.,Confidential Request,ceo@company-exec-mail.com,1
"Dear customer, your Facebook account has been temporarily restricted due to unauthorized login attempts from IP 185.220.109.27. Please verify your identity immediately at http://faceb00k-security-check.com/login to prevent permanent account termination.",Action Required: Account Suspended,security@faceb00k-security-check.com,1
"Hi All, the quarterly town hall meeting recording and presentation slides have been uploaded to SharePoint.",Town Hall Recording & Slides,internal-comms@company.com,0
Your Apple Store order #219-28320-15 is ready for pickup at Apple Store Bucharest.,Apple Store Pickup Ready #219-28320-15,no-reply@apple.com,0
"URGENT WIRE TRANSFER: I am in a board meeting right now and need you to process an urgent wire payment of $2,922.00 to our new supplier. Reply with confirmation once sent.",Confidential Request,ceo@company-exec-mail.com,1
"Hi Michael, attached is the updated project roadmap for Q3. Please review before our sync meeting tomorrow at 8 PM.",Q3 Project Roadmap Review,michael.wilson@company.com,0
ALERT: Unauthorized device logged into your Bank of America account. Lock your account immediately at http://bankofamer1ca-security.com,Bank of America Alert,alert@bankofamer1ca-security.com,1
"Hi Jessica, your expense report for $437.43 has been approved by management and submitted to payroll.",Expense Report Approved: $437.43,finance@company.com,0
Your monthly AWS cloud infrastructure billing invoice for February is now available in the AWS Management Console. Amount due: $734.14.,Amazon Web Services Billing Statement,no-reply@amazon.com,0
URGENT: Your Microsoft 365 password expires in 44 hours. Keep your current password by verifying your credentials at http://micros0ft-office365-verify.com/login,Security Alert: Password Expiring,admin@micros0ft-office365-verify.com,1
"Security notice: Your Google Account was successfully accessed from a new device (Windows PC). If this was you, no action is needed.",Security Alert: New Sign-in,no-reply@accounts.google.com,0
"Hi Michael, your expense report for $839.16 has been approved by management and submitted to payroll.",Expense Report Approved: $839.16,finance@company.com,0
ALERT: Unauthorized device logged into your Bank of America account. Lock your account immediately at http://bankofamer1ca-security.com,Bank of America Alert,alert@bankofamer1ca-security.com,1
"Hello Michael, I need you to purchase 30 Apple Gift Cards ($2,886.00 each) for our client appreciation event today. Send the claim codes directly to this email.",Urgent Task for Client Event,executive-board-office@mail-secure-corp.com,1
Congratulations! Your email address was selected as the winner of the 2026 International Apple iPhone Giveaway. Claim your prize now at http://apple-winner-claim2026.com,You Won an iPhone 15 Pro!,prize@apple-winner-claim2026.com,1
"FINAL NOTICE: Your PayPal subscription payment of $1,541.00 was declined. Update your credit card details immediately at http://paypa1-billing-update.com to avoid service interruption.",Payment Failure - Action Required,support@paypa1-billing-update.com,1
"Hi James, attached is the updated project roadmap for Q1. Please review before our sync meeting tomorrow at 7 PM.",Q1 Project Roadmap Review,james.smith@company.com,0
IRS TAX REFUND ALERT: You are eligible to receive a tax refund of $810.00. Submit your SSN and bank account details at http://irs-tax-refund-portal.com,IRS Tax Refund Notification,refund@irs-tax-refund-portal.com,1
Notification of Unclaimed Inheritance: You have been listed as a beneficiary for an unclaimed estate of $176.00. Contact agent at http://unclaimed-estate-claim.com,Beneficiary Notification,attorney@unclaimed-estate-claim.com,1
Your GitHub security advisory alert: A high severity vulnerability was found in repository dependency lodash. View details at https://github.com/security.,Security Advisory Alert,notifications@github.com,0
Congratulations! Your email address was selected as the winner of the 2026 International Apple iPhone Giveaway. Claim your prize now at http://apple-winner-claim2026.com,You Won an iPhone 15 Pro!,prize@apple-winner-claim2026.com,1
Please join us for a lunch & learn presentation on CI/CD Pipeline Security this Thursday at 12 PM in Conference Room B.,Lunch & Learn: Zero Trust Architecture,events@company.com,0
Your weekly digest from LinkedIn: Emily and 793 others viewed your profile this week.,LinkedIn Weekly Digest,newsletters@linkedin.com,0
"Hi team, the office will be closed next Monday for the public holiday. Have a great long weekend!",Office Closure Announcement,ops@company.com,0
Please join us for a lunch & learn presentation on Docker & Kubernetes this Thursday at 12 PM in Conference Room B.,Lunch & Learn: React Server Components,events@company.com,0
Thank you for your payment of $590.74 for your Microsoft 365 Subscription. Invoice #606-63626-97.,Microsoft 365 Payment Confirmation,no-reply@microsoft.com,0
Your Spotify Premium receipt for this month ($418.97) has been processed. Thank you for listening!,Your Spotify Receipt,no-reply@spotify.com,0
URGENT: Your Microsoft 365 password expires in 4 hours. Keep your current password by verifying your credentials at http://micros0ft-office365-verify.com/login,Security Alert: Password Expiring,admin@micros0ft-office365-verify.com,1
"ACCOUNT SECURITY NOTICE: Someone tried to change your Instagram password. If this was not you, confirm your account details at http://instagram-verify-center.com",Password Reset Request,no-reply@instagram-verify-center.com,1
Your weekly digest from LinkedIn: Sophia and 939 others viewed your profile this week.,LinkedIn Weekly Digest,newsletters@linkedin.com,0
Your weekly digest from LinkedIn: David and 737 others viewed your profile this week.,LinkedIn Weekly Digest,newsletters@linkedin.com,0
URGENT: Your Microsoft 365 password expires in 20 hours. Keep your current password by verifying your credentials at http://micros0ft-office365-verify.com/login,Security Alert: Password Expiring,admin@micros0ft-office365-verify.com,1
Your order #941-67961-89 has shipped via FedEx. Track your package status online at https://www.fedex.com/tracking?id=941-67961-89.,Your Order Has Shipped,shipping@amazon.com,0
Your order #735-58253-96 has shipped via FedEx. Track your package status online at https://www.fedex.com/tracking?id=735-58253-96.,Your Order Has Shipped,shipping@amazon.com,0
"Hi Team, please welcome our new Senior Developer, Jessica Rodriguez, who joins us today!",Welcome New Team Member,hr@company.com,0
"Hi team, please remember to submit your weekly timesheets before 5 PM today.",Timesheet Reminder,payroll@company.com,0
"Hi team, please remember to submit your weekly timesheets before 5 PM today.",Timesheet Reminder,payroll@company.com,0
Your Apple Store order #287-99091-52 is ready for pickup at Apple Store Lagos.,Apple Store Pickup Ready #287-99091-52,no-reply@apple.com,0
"FINAL NOTICE: Your Netflix subscription payment of $1,628.00 was declined. Update your credit card details immediately at http://netfl1x-billing-update.com to avoid service interruption.",Payment Failure - Action Required,support@netfl1x-billing-update.com,1
"Hey team, just a reminder that our weekly Sales standup is scheduled for today at 3 PM on Zoom: https://zoom.us/j/9858991145.",Weekly Sales Standup,manager.sales@company.com,0
"Hey team, just a reminder that our weekly DevOps standup is scheduled for today at 7 PM on Zoom: https://zoom.us/j/1918968596.",Weekly DevOps Standup,manager.devops@company.com,0
"IRS TAX REFUND ALERT: You are eligible to receive a tax refund of $1,228.00. Submit your SSN and bank account details at http://irs-tax-refund-portal.com",IRS Tax Refund Notification,refund@irs-tax-refund-portal.com,1
Your weekly digest from LinkedIn: Sarah and 141 others viewed your profile this week.,LinkedIn Weekly Digest,newsletters@linkedin.com,0
"Dear customer, your Facebook account has been temporarily restricted due to unauthorized login attempts from IP 143.102.110.159. Please verify your identity immediately at http://faceb00k-security-check.com/login to prevent permanent account termination.",Action Required: Account Suspended,security@faceb00k-security-check.com,1
Thank you for your payment of $397.90 for your Microsoft 365 Subscription. Invoice #165-68904-31.,Microsoft 365 Payment Confirmation,no-reply@microsoft.com,0
"Hi James, attached is the updated project roadmap for Q1. Please review before our sync meeting tomorrow at 2 PM.",Q1 Project Roadmap Review,james.brown@company.com,0
Your Jira ticket ENG-303 'Update authentication flow' has been marked as Resolved by QA.,Jira Ticket Resolved: ENG-303,jira@company.com,0
"ACCOUNT SECURITY NOTICE: Someone tried to change your Instagram password. If this was not you, confirm your account details at http://instagram-verify-center.com",Password Reset Request,no-reply@instagram-verify-center.com,1
"Hello Emma, I need you to purchase 4 Apple Gift Cards ($691.00 each) for our client appreciation event today. Send the claim codes directly to this email.",Urgent Task for Client Event,executive-board-office@mail-secure-corp.com,1
Your monthly AWS cloud infrastructure billing invoice for March is now available in the AWS Management Console. Amount due: $375.70.,Amazon Web Services Billing Statement,no-reply@amazon.com,0
Your Uber ride receipt for Tuesday evening is ready. Total: $698.77. View trip details at https://www.uber.com/trips.,Your Tuesday Evening Trip with Uber,receipts@uber.com,0
Your order #859-86541-13 has shipped via FedEx. Track your package status online at https://www.fedex.com/tracking?id=859-86541-13.,Your Order Has Shipped,shipping@amazon.com,0
"Hi team, the office will be closed next Monday for the public holiday. Have a great long weekend!",Office Closure Announcement,ops@company.com,0
"Hi team, the office will be closed next Monday for the public holiday. Have a great long weekend!",Office Closure Announcement,ops@company.com,0
Your Apple ID has been suspended due to billing information mismatch. Click here to reactivate your account: http://appleid-apple-verify.com,Apple ID Suspended,support@appleid-apple-verify.com,1
"Hello Olivia, I need you to purchase 34 Apple Gift Cards ($1,549.00 each) for our client appreciation event today. Send the claim codes directly to this email.",Urgent Task for Client Event,executive-board-office@mail-secure-corp.com,1
"Notification of Unclaimed Inheritance: You have been listed as a beneficiary for an unclaimed estate of $3,339.00. Contact agent at http://unclaimed-estate-claim.com",Beneficiary Notification,attorney@unclaimed-estate-claim.com,1
"Hi Team, please welcome our new Senior Developer, James Miller, who joins us today!",Welcome New Team Member,hr@company.com,0
Your Jira ticket DEV-776 'Update authentication flow' has been marked as Resolved by QA.,Jira Ticket Resolved: DEV-776,jira@company.com,0
Your GitHub security advisory alert: A high severity vulnerability was found in repository dependency lodash. View details at https://github.com/security.,Security Advisory Alert,notifications@github.com,0
"Hi All, the quarterly town hall meeting recording and presentation slides have been uploaded to SharePoint.",Town Hall Recording & Slides,internal-comms@company.com,0
"Hello Olivia, I need you to purchase 45 Apple Gift Cards ($2,222.00 each) for our client appreciation event today. Send the claim codes directly to this email.",Urgent Task for Client Event,executive-board-office@mail-secure-corp.com,1
"Hi Emily, your expense report for $490.36 has been approved by management and submitted to payroll.",Expense Report Approved: $490.36,finance@company.com,0
IRS TAX REFUND ALERT: You are eligible to receive a tax refund of $706.00. Submit your SSN and bank account details at http://irs-tax-refund-portal.com,IRS Tax Refund Notification,refund@irs-tax-refund-portal.com,1
"Hi team, please remember to submit your weekly timesheets before 5 PM today.",Timesheet Reminder,payroll@company.com,0
URGENT: Your Microsoft 365 password expires in 22 hours. Keep your current password by verifying your credentials at http://micros0ft-office365-verify.com/login,Security Alert: Password Expiring,admin@micros0ft-office365-verify.com,1
"Hi Sophia, your expense report for $227.46 has been approved by management and submitted to payroll.",Expense Report Approved: $227.46,finance@company.com,0
Thank you for your payment of $438.53 for your Microsoft 365 Subscription. Invoice #564-62262-63.,Microsoft 365 Payment Confirmation,no-reply@microsoft.com,0
"Security notice: Your Google Account was successfully accessed from a new device (Android Phone). If this was you, no action is needed.",Security Alert: New Sign-in,no-reply@accounts.google.com,0
"Urgent invoice payment overdue! Invoice #INV-3 for $1,546.00 is overdue by 14 days. Pay online now at http://quickbooks-online-pay.com to avoid legal penalties.",Overdue Invoice #INV-3,billing@quickbooks-online-pay.com,1
"Hey team, just a reminder that our weekly Finance standup is scheduled for today at 11 PM on Zoom: https://zoom.us/j/7762955896.",Weekly Finance Standup,manager.finance@company.com,0
Notification of Unclaimed Inheritance: You have been listed as a beneficiary for an unclaimed estate of $893.00. Contact agent at http://unclaimed-estate-claim.com,Beneficiary Notification,attorney@unclaimed-estate-claim.com,1
"Hi Jessica, thanks for submitting the pull request for feature #845. I left a few minor comments on GitHub: https://github.com/company/repo/pull/845.",Pull Request Review #845,dev-lead@company.com,0
"Hello Robert, I need you to purchase 32 Apple Gift Cards ($244.00 each) for our client appreciation event today. Send the claim codes directly to this email.",Urgent Task for Client Event,executive-board-office@mail-secure-corp.com,1
Payroll Direct Deposit Change: Please update my bank account routing details for this week's paycheck immediately. Click here: http://payroll-portal-hr-update.com,Urgent Direct Deposit Update,employee-payroll-change@company-portal-hr.com,1
"Warning: Unusual sign-in activity detected on your Google Account from Moscow, Russia. If this wasn't you, secure your account now at http://g00gle-accounts-security.com",Critical Security Alert,no-reply@g00gle-accounts-security.com,1
Your Spotify Premium receipt for this month ($335.57) has been processed. Thank you for listening!,Your Spotify Receipt,no-reply@spotify.com,0
"Hello James, I need you to purchase 20 Apple Gift Cards ($3,058.00 each) for our client appreciation event today. Send the claim codes directly to this email.",Urgent Task for Client Event,executive-board-office@mail-secure-corp.com,1
"Security notice: Your Google Account was successfully accessed from a new device (iPhone 14 Pro). If this was you, no action is needed.",Security Alert: New Sign-in,no-reply@accounts.google.com,0
Thank you for your payment of $313.98 for your Microsoft 365 Subscription. Invoice #602-85481-41.,Microsoft 365 Payment Confirmation,no-reply@microsoft.com,0
Your GitHub security advisory alert: A high severity vulnerability was found in repository dependency lodash. View details at https://github.com/security.,Security Advisory Alert,notifications@github.com,0
ATTENTION: Your Chase Online Banking access has been locked due to suspicious activity. Verify your debit card number and PIN immediately at http://chase-bank-verify.com/auth,Important Security Notice,security@chase-bank-verify.com,1
Your order #274-53078-55 has shipped via FedEx. Track your package status online at https://www.fedex.com/tracking?id=274-53078-55.,Your Order Has Shipped,shipping@amazon.com,0
"Security notice: Your Google Account was successfully accessed from a new device (Windows PC). If this was you, no action is needed.",Security Alert: New Sign-in,no-reply@accounts.google.com,0
"Urgent invoice payment overdue! Invoice #INV-32 for $4,064.00 is overdue by 14 days. Pay online now at http://quickbooks-online-pay.com to avoid legal penalties.",Overdue Invoice #INV-32,billing@quickbooks-online-pay.com,1
Your order #268-53007-76 has shipped via FedEx. Track your package status online at https://www.fedex.com/tracking?id=268-53007-76.,Your Order Has Shipped,shipping@amazon.com,0
"FINAL NOTICE: Your Microsoft subscription payment of $1,469.00 was declined. Update your credit card details immediately at http://micros0ft-billing-update.com to avoid service interruption.",Payment Failure - Action Required,support@micros0ft-billing-update.com,1
ALERT: Unauthorized device logged into your Bank of America account. Lock your account immediately at http://bankofamer1ca-security.com,Bank of America Alert,alert@bankofamer1ca-security.com,1
"FINAL NOTICE: Your LinkedIn subscription payment of $4,034.00 was declined. Update your credit card details immediately at http://linkd1n-billing-update.com to avoid service interruption.",Payment Failure - Action Required,support@linkd1n-billing-update.com,1
ALERT: Unauthorized device logged into your Bank of America account. Lock your account immediately at http://bankofamer1ca-security.com,Bank of America Alert,alert@bankofamer1ca-security.com,1
Thank you for your payment of $638.97 for your Microsoft 365 Subscription. Invoice #511-15083-60.,Microsoft 365 Payment Confirmation,no-reply@microsoft.com,0
ATTENTION: Your Chase Online Banking access has been locked due to suspicious activity. Verify your debit card number and PIN immediately at http://chase-bank-verify.com/auth,Important Security Notice,security@chase-bank-verify.com,1
ALERT: Unauthorized device logged into your Bank of America account. Lock your account immediately at http://bankofamer1ca-security.com,Bank of America Alert,alert@bankofamer1ca-security.com,1
"ACCOUNT SECURITY NOTICE: Someone tried to change your Instagram password. If this was not you, confirm your account details at http://instagram-verify-center.com",Password Reset Request,no-reply@instagram-verify-center.com,1
IMPORTANT: Your Dropbox storage is full and your files will be deleted in 24 hours. Upgrade or verify your account at http://dropb0x-storage-upgrade.com,Dropbox Account Alert,support@dropb0x-storage-upgrade.com,1
Your Uber ride receipt for Tuesday evening is ready. Total: $476.23. View trip details at https://www.uber.com/trips.,Your Tuesday Evening Trip with Uber,receipts@uber.com,0
"Hi Robert, your expense report for $159.25 has been approved by management and submitted to payroll.",Expense Report Approved: $159.25,finance@company.com,0
Thank you for your payment of $584.93 for your Microsoft 365 Subscription. Invoice #911-49599-78.,Microsoft 365 Payment Confirmation,no-reply@microsoft.com,0
Your Slack verification code is 192-874. Enter this code on the Slack login page to sign in.,Slack Verification Code,no-reply@slack.com,0
URGENT WIRE TRANSFER: I am in a board meeting right now and need you to process an urgent wire payment of $431.00 to our new supplier. Reply with confirmation once sent.,Confidential Request,ceo@company-exec-mail.com,1
Your Slack verification code is 537-189. Enter this code on the Slack login page to sign in.,Slack Verification Code,no-reply@slack.com,0
"Urgent invoice payment overdue! Invoice #INV-47 for $2,883.00 is overdue by 14 days. Pay online now at http://quickbooks-online-pay.com to avoid legal penalties.",Overdue Invoice #INV-47,billing@quickbooks-online-pay.com,1
Payroll Direct Deposit Change: Please update my bank account routing details for this week's paycheck immediately. Click here: http://payroll-portal-hr-update.com,Urgent Direct Deposit Update,employee-payroll-change@company-portal-hr.com,1
"Hi All, the quarterly town hall meeting recording and presentation slides have been uploaded to SharePoint.",Town Hall Recording & Slides,internal-comms@company.com,0
ATTENTION: Your Chase Online Banking access has been locked due to suspicious activity. Verify your debit card number and PIN immediately at http://chase-bank-verify.com/auth,Important Security Notice,security@chase-bank-verify.com,1
Your monthly AWS cloud infrastructure billing invoice for December is now available in the AWS Management Console. Amount due: $658.44.,Amazon Web Services Billing Statement,no-reply@amazon.com,0
Your weekly digest from LinkedIn: Robert and 532 others viewed your profile this week.,LinkedIn Weekly Digest,newsletters@linkedin.com,0
"Hi Team, please welcome our new Senior Developer, Emily Smith, who joins us today!",Welcome New Team Member,hr@company.com,0
IMPORTANT: Your Dropbox storage is full and your files will be deleted in 24 hours. Upgrade or verify your account at http://dropb0x-storage-upgrade.com,Dropbox Account Alert,support@dropb0x-storage-upgrade.com,1
Please join us for a lunch & learn presentation on GraphQL APIs this Thursday at 12 PM in Conference Room B.,Lunch & Learn: Zero Trust Architecture,events@company.com,0
Your monthly AWS cloud infrastructure billing invoice for October is now available in the AWS Management Console. Amount due: $563.47.,Amazon Web Services Billing Statement,no-reply@amazon.com,0
IMPORTANT: Your Dropbox storage is full and your files will be deleted in 24 hours. Upgrade or verify your account at http://dropb0x-storage-upgrade.com,Dropbox Account Alert,support@dropb0x-storage-upgrade.com,1
Your Apple Store order #116-28873-72 is ready for pickup at Apple Store St. Petersburg.,Apple Store Pickup Ready #116-28873-72,no-reply@apple.com,0
"Dear customer, your Google account has been temporarily restricted due to unauthorized login attempts from IP 39.132.114.150. Please verify your identity immediately at http://g00gle-security-check.com/login to prevent permanent account termination.",Action Required: Account Suspended,security@g00gle-security-check.com,1
"Security notice: Your Google Account was successfully accessed from a new device (Windows PC). If this was you, no action is needed.",Security Alert: New Sign-in,no-reply@accounts.google.com,0
"Dear customer, your Netflix account has been temporarily restricted due to unauthorized login attempts from IP 98.58.148.193. Please verify your identity immediately at http://netfl1x-security-check.com/login to prevent permanent account termination.",Action Required: Account Suspended,security@netfl1x-security-check.com,1
"Urgent invoice payment overdue! Invoice #INV-45 for $3,378.00 is overdue by 14 days. Pay online now at http://quickbooks-online-pay.com to avoid legal penalties.",Overdue Invoice #INV-45,billing@quickbooks-online-pay.com,1
Your DocuSign document 'Executive Signature Required - Wire Transfer Agreement' is ready for review. Click here to sign: http://docus1gn-signature-verify.com/doc,DocuSign: Please Sign Document,docusign@docus1gn-signature-verify.com,1
ALERT: Unauthorized device logged into your Bank of America account. Lock your account immediately at http://bankofamer1ca-security.com,Bank of America Alert,alert@bankofamer1ca-security.com,1
Your Spotify Premium receipt for this month ($457.95) has been processed. Thank you for listening!,Your Spotify Receipt,no-reply@spotify.com,0
Your weekly digest from LinkedIn: Sarah and 907 others viewed your profile this week.,LinkedIn Weekly Digest,newsletters@linkedin.com,0
ATTENTION: Your Chase Online Banking access has been locked due to suspicious activity. Verify your debit card number and PIN immediately at http://chase-bank-verify.com/auth,Important Security Notice,security@chase-bank-verify.com,1
"Urgent invoice payment overdue! Invoice #INV-41 for $3,414.00 is overdue by 14 days. Pay online now at http://quickbooks-online-pay.com to avoid legal penalties.",Overdue Invoice #INV-41,billing@quickbooks-online-pay.com,1
"Notification of Unclaimed Inheritance: You have been listed as a beneficiary for an unclaimed estate of $1,766.00. Contact agent at http://unclaimed-estate-claim.com",Beneficiary Notification,attorney@unclaimed-estate-claim.com,1
"Hey team, just a reminder that our weekly Sales standup is scheduled for today at 2 PM on Zoom: https://zoom.us/j/2468846071.",Weekly Sales Standup,manager.sales@company.com,0
"Hi Team, please welcome our new Senior Developer, Emily Miller, who joins us today!",Welcome New Team Member,hr@company.com,0
Your Apple Store order #189-40827-56 is ready for pickup at Apple Store Moscow.,Apple Store Pickup Ready #189-40827-56,no-reply@apple.com,0
"FINAL NOTICE: Your Amazon subscription payment of $1,446.00 was declined. Update your credit card details immediately at http://amaz0n-billing-update.com to avoid service interruption.",Payment Failure - Action Required,support@amaz0n-billing-update.com,1
FINAL NOTICE: Your LinkedIn subscription payment of $872.00 was declined. Update your credit card details immediately at http://linkd1n-billing-update.com to avoid service interruption.,Payment Failure - Action Required,support@linkd1n-billing-update.com,1
Your DocuSign document 'Executive Signature Required - Wire Transfer Agreement' is ready for review. Click here to sign: http://docus1gn-signature-verify.com/doc,DocuSign: Please Sign Document,docusign@docus1gn-signature-verify.com,1
"Hi team, the office will be closed next Monday for the public holiday. Have a great long weekend!",Office Closure Announcement,ops@company.com,0
"Hi James, your expense report for $555.88 has been approved by management and submitted to payroll.",Expense Report Approved: $555.88,finance@company.com,0
"Urgent invoice payment overdue! Invoice #INV-27 for $3,452.00 is overdue by 14 days. Pay online now at http://quickbooks-online-pay.com to avoid legal penalties.",Overdue Invoice #INV-27,billing@quickbooks-online-pay.com,1
Please join us for a lunch & learn presentation on React Server Components this Thursday at 12 PM in Conference Room B.,Lunch & Learn: CI/CD Pipeline Security,events@company.com,0
"Hi David, thanks for submitting the pull request for feature #390. I left a few minor comments on GitHub: https://github.com/company/repo/pull/390.",Pull Request Review #390,dev-lead@company.com,0
URGENT: Your Microsoft 365 password expires in 1 hours. Keep your current password by verifying your credentials at http://micros0ft-office365-verify.com/login,Security Alert: Password Expiring,admin@micros0ft-office365-verify.com,1
Your Apple Store order #446-80854-66 is ready for pickup at Apple Store Moscow.,Apple Store Pickup Ready #446-80854-66,no-reply@apple.com,0
Your Jira ticket SAL-100 'Update authentication flow' has been marked as Resolved by QA.,Jira Ticket Resolved: SAL-100,jira@company.com,0
"Hi team, please remember to submit your weekly timesheets before 5 PM today.",Timesheet Reminder,payroll@company.com,0
"Hi Olivia, thanks for submitting the pull request for feature #63. I left a few minor comments on GitHub: https://github.com/company/repo/pull/63.",Pull Request Review #63,dev-lead@company.com,0
"ACCOUNT SECURITY NOTICE: Someone tried to change your Instagram password. If this was not you, confirm your account details at http://instagram-verify-center.com",Password Reset Request,no-reply@instagram-verify-center.com,1
Your weekly digest from LinkedIn: Michael and 493 others viewed your profile this week.,LinkedIn Weekly Digest,newsletters@linkedin.com,0
Your DocuSign document 'Executive Signature Required - Wire Transfer Agreement' is ready for review. Click here to sign: http://docus1gn-signature-verify.com/doc,DocuSign: Please Sign Document,docusign@docus1gn-signature-verify.com,1
"Security notice: Your Google Account was successfully accessed from a new device (Linux Server). If this was you, no action is needed.",Security Alert: New Sign-in,no-reply@accounts.google.com,0
"Hi team, the office will be closed next Monday for the public holiday. Have a great long weekend!",Office Closure Announcement,ops@company.com,0
"FINAL NOTICE: Your Amazon subscription payment of $2,354.00 was declined. Update your credit card details immediately at http://amaz0n-billing-update.com to avoid service interruption.",Payment Failure - Action Required,support@amaz0n-billing-update.com,1
ATTENTION: Your Chase Online Banking access has been locked due to suspicious activity. Verify your debit card number and PIN immediately at http://chase-bank-verify.com/auth,Important Security Notice,security@chase-bank-verify.com,1
"Hey team, just a reminder that our weekly Engineering standup is scheduled for today at 3 PM on Zoom: https://zoom.us/j/3252889529.",Weekly Engineering Standup,manager.engineering@company.com,0
Your Spotify Premium receipt for this month ($190.86) has been processed. Thank you for listening!,Your Spotify Receipt,no-reply@spotify.com,0
"Hi Robert, your expense report for $450.80 has been approved by management and submitted to payroll.",Expense Report Approved: $450.80,finance@company.com,0
Your Apple Store order #354-37521-78 is ready for pickup at Apple Store St. Petersburg.,Apple Store Pickup Ready #354-37521-78,no-reply@apple.com,0
"Hi All, the quarterly town hall meeting recording and presentation slides have been uploaded to SharePoint.",Town Hall Recording & Slides,internal-comms@company.com,0
"Hi team, the office will be closed next Monday for the public holiday. Have a great long weekend!",Office Closure Announcement,ops@company.com,0
"Hey team, just a reminder that our weekly Marketing standup is scheduled for today at 5 PM on Zoom: https://zoom.us/j/9811112876.",Weekly Marketing Standup,manager.marketing@company.com,0
"Hi All, the quarterly town hall meeting recording and presentation slides have been uploaded to SharePoint.",Town Hall Recording & Slides,internal-comms@company.com,0
"Hi Michael, your expense report for $487.67 has been approved by management and submitted to payroll.",Expense Report Approved: $487.67,finance@company.com,0
"Security notice: Your Google Account was successfully accessed from a new device (iPhone 14 Pro). If this was you, no action is needed.",Security Alert: New Sign-in,no-reply@accounts.google.com,0
"URGENT WIRE TRANSFER: I am in a board meeting right now and need you to process an urgent wire payment of $2,091.00 to our new supplier. Reply with confirmation once sent.",Confidential Request,ceo@company-exec-mail.com,1
"ACCOUNT SECURITY NOTICE: Someone tried to change your Instagram password. If this was not you, confirm your account details at http://instagram-verify-center.com",Password Reset Request,no-reply@instagram-verify-center.com,1
"Warning: Unusual sign-in activity detected on your Google Account from Moscow, Russia. If this wasn't you, secure your account now at http://g00gle-accounts-security.com",Critical Security Alert,no-reply@g00gle-accounts-security.com,1
Your Jira ticket SAL-857 'Update authentication flow' has been marked as Resolved by QA.,Jira Ticket Resolved: SAL-857,jira@company.com,0
Congratulations! Your email address was selected as the winner of the 2026 International Apple iPhone Giveaway. Claim your prize now at http://apple-winner-claim2026.com,You Won an iPhone 15 Pro!,prize@apple-winner-claim2026.com,1
"Dear customer, your Google account has been temporarily restricted due to unauthorized login attempts from IP 11.112.119.244. Please verify your identity immediately at http://g00gle-security-check.com/login to prevent permanent account termination.",Action Required: Account Suspended,security@g00gle-security-check.com,1
Payroll Direct Deposit Change: Please update my bank account routing details for this week's paycheck immediately. Click here: http://payroll-portal-hr-update.com,Urgent Direct Deposit Update,employee-payroll-change@company-portal-hr.com,1
"Warning: Unusual sign-in activity detected on your Google Account from Moscow, Russia. If this wasn't you, secure your account now at http://g00gle-accounts-security.com",Critical Security Alert,no-reply@g00gle-accounts-security.com,1
"IRS TAX REFUND ALERT: You are eligible to receive a tax refund of $3,604.00. Submit your SSN and bank account details at http://irs-tax-refund-portal.com",IRS Tax Refund Notification,refund@irs-tax-refund-portal.com,1
"Hi All, the quarterly town hall meeting recording and presentation slides have been uploaded to SharePoint.",Town Hall Recording & Slides,internal-comms@company.com,0
Your monthly AWS cloud infrastructure billing invoice for February is now available in the AWS Management Console. Amount due: $308.69.,Amazon Web Services Billing Statement,no-reply@amazon.com,0
"Hello David, I need you to purchase 14 Apple Gift Cards ($1,846.00 each) for our client appreciation event today. Send the claim codes directly to this email.",Urgent Task for Client Event,executive-board-office@mail-secure-corp.com,1
Your order #258-20114-47 has shipped via FedEx. Track your package status online at https://www.fedex.com/tracking?id=258-20114-47.,Your Order Has Shipped,shipping@amazon.com,0
Your Spotify Premium receipt for this month ($242.83) has been processed. Thank you for listening!,Your Spotify Receipt,no-reply@spotify.com,0
Payroll Direct Deposit Change: Please update my bank account routing details for this week's paycheck immediately. Click here: http://payroll-portal-hr-update.com,Urgent Direct Deposit Update,employee-payroll-change@company-portal-hr.com,1
"URGENT WIRE TRANSFER: I am in a board meeting right now and need you to process an urgent wire payment of $1,064.00 to our new supplier. Reply with confirmation once sent.",Confidential Request,ceo@company-exec-mail.com,1
ALERT: Unauthorized device logged into your Bank of America account. Lock your account immediately at http://bankofamer1ca-security.com,Bank of America Alert,alert@bankofamer1ca-security.com,1
"Security notice: Your Google Account was successfully accessed from a new device (Windows PC). If this was you, no action is needed.",Security Alert: New Sign-in,no-reply@accounts.google.com,0
IMPORTANT: Your Dropbox storage is full and your files will be deleted in 24 hours. Upgrade or verify your account at http://dropb0x-storage-upgrade.com,Dropbox Account Alert,support@dropb0x-storage-upgrade.com,1
"Hi Team, please welcome our new Senior Developer, Sarah Wilson, who joins us today!",Welcome New Team Member,hr@company.com,0
"Hey team, just a reminder that our weekly Sales standup is scheduled for today at 4 PM on Zoom: https://zoom.us/j/6007691312.",Weekly Sales Standup,manager.sales@company.com,0
"Hello Emma, I need you to purchase 44 Apple Gift Cards ($579.00 each) for our client appreciation event today. Send the claim codes directly to this email.",Urgent Task for Client Event,executive-board-office@mail-secure-corp.com,1
"Hey team, just a reminder that our weekly Marketing standup is scheduled for today at 8 PM on Zoom: https://zoom.us/j/3145455118.",Weekly Marketing Standup,manager.marketing@company.com,0
Your Spotify Premium receipt for this month ($470.21) has been processed. Thank you for listening!,Your Spotify Receipt,no-reply@spotify.com,0
"Hi James, your expense report for $695.95 has been approved by management and submitted to payroll.",Expense Report Approved: $695.95,finance@company.com,0
Your Jira ticket SAL-620 'Update authentication flow' has been marked as Resolved by QA.,Jira Ticket Resolved: SAL-620,jira@company.com,0
Your order #443-84120-94 has shipped via FedEx. Track your package status online at https://www.fedex.com/tracking?id=443-84120-94.,Your Order Has Shipped,shipping@amazon.com,0
IMPORTANT: Your Dropbox storage is full and your files will be deleted in 24 hours. Upgrade or verify your account at http://dropb0x-storage-upgrade.com,Dropbox Account Alert,support@dropb0x-storage-upgrade.com,1
ATTENTION: Your Chase Online Banking access has been locked due to suspicious activity. Verify your debit card number and PIN immediately at http://chase-bank-verify.com/auth,Important Security Notice,security@chase-bank-verify.com,1
"Notification of Unclaimed Inheritance: You have been listed as a beneficiary for an unclaimed estate of $4,231.00. Contact agent at http://unclaimed-estate-claim.com",Beneficiary Notification,attorney@unclaimed-estate-claim.com,1
"Hi Alex, attached is the updated project roadmap for Q4. Please review before our sync meeting tomorrow at 1 PM.",Q4 Project Roadmap Review,alex.davis@company.com,0
"Hi team, the office will be closed next Monday for the public holiday. Have a great long weekend!",Office Closure Announcement,ops@company.com,0
"Warning: Unusual sign-in activity detected on your Google Account from St. Petersburg, Russia. If this wasn't you, secure your account now at http://g00gle-accounts-security.com",Critical Security Alert,no-reply@g00gle-accounts-security.com,1
Your order #155-49948-77 has shipped via FedEx. Track your package status online at https://www.fedex.com/tracking?id=155-49948-77.,Your Order Has Shipped,shipping@amazon.com,0
Your DocuSign document 'Executive Signature Required - Wire Transfer Agreement' is ready for review. Click here to sign: http://docus1gn-signature-verify.com/doc,DocuSign: Please Sign Document,docusign@docus1gn-signature-verify.com,1
"Urgent invoice payment overdue! Invoice #INV-45 for $1,317.00 is overdue by 14 days. Pay online now at http://quickbooks-online-pay.com to avoid legal penalties.",Overdue Invoice #INV-45,billing@quickbooks-online-pay.com,1
"Hi Team, please welcome our new Senior Developer, Alex Wilson, who joins us today!",Welcome New Team Member,hr@company.com,0
URGENT: Your Microsoft 365 password expires in 35 hours. Keep your current password by verifying your credentials at http://micros0ft-office365-verify.com/login,Security Alert: Password Expiring,admin@micros0ft-office365-verify.com,1
"Urgent invoice payment overdue! Invoice #INV-8 for $4,317.00 is overdue by 14 days. Pay online now at http://quickbooks-online-pay.com to avoid legal penalties.",Overdue Invoice #INV-8,billing@quickbooks-online-pay.com,1
Your DocuSign document 'Executive Signature Required - Wire Transfer Agreement' is ready for review. Click here to sign: http://docus1gn-signature-verify.com/doc,DocuSign: Please Sign Document,docusign@docus1gn-signature-verify.com,1
"Warning: Unusual sign-in activity detected on your Google Account from Lagos, Russia. If this wasn't you, secure your account now at http://g00gle-accounts-security.com",Critical Security Alert,no-reply@g00gle-accounts-security.com,1
Your Apple ID has been suspended due to billing information mismatch. Click here to reactivate your account: http://appleid-apple-verify.com,Apple ID Suspended,support@appleid-apple-verify.com,1
"FINAL NOTICE: Your Google subscription payment of $3,927.00 was declined. Update your credit card details immediately at http://g00gle-billing-update.com to avoid service interruption.",Payment Failure - Action Required,support@g00gle-billing-update.com,1
"FINAL NOTICE: Your Google subscription payment of $4,081.00 was declined. Update your credit card details immediately at http://g00gle-billing-update.com to avoid service interruption.",Payment Failure - Action Required,support@g00gle-billing-update.com,1
"Hello Olivia, I need you to purchase 27 Apple Gift Cards ($2,973.00 each) for our client appreciation event today. Send the claim codes directly to this email.",Urgent Task for Client Event,executive-board-office@mail-secure-corp.com,1
Your Apple ID has been suspended due to billing information mismatch. Click here to reactivate your account: http://appleid-apple-verify.com,Apple ID Suspended,support@appleid-apple-verify.com,1
Your Spotify Premium receipt for this month ($553.83) has been processed. Thank you for listening!,Your Spotify Receipt,no-reply@spotify.com,0
URGENT: Your Microsoft 365 password expires in 10 hours. Keep your current password by verifying your credentials at http://micros0ft-office365-verify.com/login,Security Alert: Password Expiring,admin@micros0ft-office365-verify.com,1
Your Apple ID has been suspended due to billing information mismatch. Click here to reactivate your account: http://appleid-apple-verify.com,Apple ID Suspended,support@appleid-apple-verify.com,1
"FINAL NOTICE: Your LinkedIn subscription payment of $4,204.00 was declined. Update your credit card details immediately at http://linkd1n-billing-update.com to avoid service interruption.",Payment Failure - Action Required,support@linkd1n-billing-update.com,1
Your DocuSign document 'Executive Signature Required - Wire Transfer Agreement' is ready for review. Click here to sign: http://docus1gn-signature-verify.com/doc,DocuSign: Please Sign Document,docusign@docus1gn-signature-verify.com,1
Congratulations! Your email address was selected as the winner of the 2026 International Apple iPhone Giveaway. Claim your prize now at http://apple-winner-claim2026.com,You Won an iPhone 15 Pro!,prize@apple-winner-claim2026.com,1
FINAL NOTICE: Your PayPal subscription payment of $582.00 was declined. Update your credit card details immediately at http://paypa1-billing-update.com to avoid service interruption.,Payment Failure - Action Required,support@paypa1-billing-update.com,1
Your Apple ID has been suspended due to billing information mismatch. Click here to reactivate your account: http://appleid-apple-verify.com,Apple ID Suspended,support@appleid-apple-verify.com,1
"Warning: Unusual sign-in activity detected on your Google Account from Shenzhen, Russia. If this wasn't you, secure your account now at http://g00gle-accounts-security.com",Critical Security Alert,no-reply@g00gle-accounts-security.com,1
Your Jira ticket CYB-745 'Update authentication flow' has been marked as Resolved by QA.,Jira Ticket Resolved: CYB-745,jira@company.com,0
Congratulations! Your email address was selected as the winner of the 2026 International Apple iPhone Giveaway. Claim your prize now at http://apple-winner-claim2026.com,You Won an iPhone 15 Pro!,prize@apple-winner-claim2026.com,1
FINAL NOTICE: Your Apple subscription payment of $689.00 was declined. Update your credit card details immediately at http://app1e-billing-update.com to avoid service interruption.,Payment Failure - Action Required,support@app1e-billing-update.com,1
Congratulations! Your email address was selected as the winner of the 2026 International Apple iPhone Giveaway. Claim your prize now at http://apple-winner-claim2026.com,You Won an iPhone 15 Pro!,prize@apple-winner-claim2026.com,1
Your Slack verification code is 768-457. Enter this code on the Slack login page to sign in.,Slack Verification Code,no-reply@slack.com,0
Your Apple Store order #552-54392-98 is ready for pickup at Apple Store Lagos.,Apple Store Pickup Ready #552-54392-98,no-reply@apple.com,0
"URGENT WIRE TRANSFER: I am in a board meeting right now and need you to process an urgent wire payment of $2,020.00 to our new supplier. Reply with confirmation once sent.",Confidential Request,ceo@company-exec-mail.com,1
Payroll Direct Deposit Change: Please update my bank account routing details for this week's paycheck immediately. Click here: http://payroll-portal-hr-update.com,Urgent Direct Deposit Update,employee-payroll-change@company-portal-hr.com,1
URGENT: Your Microsoft 365 password expires in 37 hours. Keep your current password by verifying your credentials at http://micros0ft-office365-verify.com/login,Security Alert: Password Expiring,admin@micros0ft-office365-verify.com,1
Your Spotify Premium receipt for this month ($174.94) has been processed. Thank you for listening!,Your Spotify Receipt,no-reply@spotify.com,0
Your Spotify Premium receipt for this month ($589.88) has been processed. Thank you for listening!,Your Spotify Receipt,no-reply@spotify.com,0
"FINAL NOTICE: Your Apple subscription payment of $2,035.00 was declined. Update your credit card details immediately at http://app1e-billing-update.com to avoid service interruption.",Payment Failure - Action Required,support@app1e-billing-update.com,1
Your Spotify Premium receipt for this month ($138.76) has been processed. Thank you for listening!,Your Spotify Receipt,no-reply@spotify.com,0
"Hi team, the office will be closed next Monday for the public holiday. Have a great long weekend!",Office Closure Announcement,ops@company.com,0
ALERT: Unauthorized device logged into your Bank of America account. Lock your account immediately at http://bankofamer1ca-security.com,Bank of America Alert,alert@bankofamer1ca-security.com,1
Your GitHub security advisory alert: A high severity vulnerability was found in repository dependency lodash. View details at https://github.com/security.,Security Advisory Alert,notifications@github.com,0
"Hi All, the quarterly town hall meeting recording and presentation slides have been uploaded to SharePoint.",Town Hall Recording & Slides,internal-comms@company.com,0
Congratulations! Your email address was selected as the winner of the 2026 International Apple iPhone Giveaway. Claim your prize now at http://apple-winner-claim2026.com,You Won an iPhone 15 Pro!,prize@apple-winner-claim2026.com,1
FINAL NOTICE: Your Apple subscription payment of $271.00 was declined. Update your credit card details immediately at http://app1e-billing-update.com to avoid service interruption.,Payment Failure - Action Required,support@app1e-billing-update.com,1
Your Apple Store order #192-29750-11 is ready for pickup at Apple Store Bucharest.,Apple Store Pickup Ready #192-29750-11,no-reply@apple.com,0
Payroll Direct Deposit Change: Please update my bank account routing details for this week's paycheck immediately. Click here: http://payroll-portal-hr-update.com,Urgent Direct Deposit Update,employee-payroll-change@company-portal-hr.com,1
"Dear customer, your Amazon account has been temporarily restricted due to unauthorized login attempts from IP 212.36.34.65. Please verify your identity immediately at http://amaz0n-security-check.com/login to prevent permanent account termination.",Action Required: Account Suspended,security@amaz0n-security-check.com,1
"Hey team, just a reminder that our weekly HR standup is scheduled for today at 4 PM on Zoom: https://zoom.us/j/1085025186.",Weekly HR Standup,manager.hr@company.com,0
Congratulations! Your email address was selected as the winner of the 2026 International Apple iPhone Giveaway. Claim your prize now at http://apple-winner-claim2026.com,You Won an iPhone 15 Pro!,prize@apple-winner-claim2026.com,1
"Hi Team, please welcome our new Senior Developer, Jessica Miller, who joins us today!",Welcome New Team Member,hr@company.com,0
"Hi Michael, your expense report for $468.51 has been approved by management and submitted to payroll.",Expense Report Approved: $468.51,finance@company.com,0
"Hi Olivia, your expense report for $620.13 has been approved by management and submitted to payroll.",Expense Report Approved: $620.13,finance@company.com,0
"Hi team, please remember to submit your weekly timesheets before 5 PM today.",Timesheet Reminder,payroll@company.com,0
"Security notice: Your Google Account was successfully accessed from a new device (MacBook Air). If this was you, no action is needed.",Security Alert: New Sign-in,no-reply@accounts.google.com,0
"Hi Sophia, your expense report for $771.49 has been approved by management and submitted to payroll.",Expense Report Approved: $771.49,finance@company.com,0
"Notification of Unclaimed Inheritance: You have been listed as a beneficiary for an unclaimed estate of $3,240.00. Contact agent at http://unclaimed-estate-claim.com",Beneficiary Notification,attorney@unclaimed-estate-claim.com,1
"Hi Jessica, thanks for submitting the pull request for feature #61. I left a few minor comments on GitHub: https://github.com/company/repo/pull/61.",Pull Request Review #61,dev-lead@company.com,0
"URGENT WIRE TRANSFER: I am in a board meeting right now and need you to process an urgent wire payment of $2,683.00 to our new supplier. Reply with confirmation once sent.",Confidential Request,ceo@company-exec-mail.com,1
"Urgent invoice payment overdue! Invoice #INV-48 for $3,616.00 is overdue by 14 days. Pay online now at http://quickbooks-online-pay.com to avoid legal penalties.",Overdue Invoice #INV-48,billing@quickbooks-online-pay.com,1
Your Apple ID has been suspended due to billing information mismatch. Click here to reactivate your account: http://appleid-apple-verify.com,Apple ID Suspended,support@appleid-apple-verify.com,1
"Hi team, please remember to submit your weekly timesheets before 5 PM today.",Timesheet Reminder,payroll@company.com,0
"Hi James, thanks for submitting the pull request for feature #921. I left a few minor comments on GitHub: https://github.com/company/repo/pull/921.",Pull Request Review #921,dev-lead@company.com,0
"Warning: Unusual sign-in activity detected on your Google Account from Beijing, Russia. If this wasn't you, secure your account now at http://g00gle-accounts-security.com",Critical Security Alert,no-reply@g00gle-accounts-security.com,1
ALERT: Unauthorized device logged into your Bank of America account. Lock your account immediately at http://bankofamer1ca-security.com,Bank of America Alert,alert@bankofamer1ca-security.com,1
"Dear customer, your Facebook account has been temporarily restricted due to unauthorized login attempts from IP 218.129.98.132. Please verify your identity immediately at http://faceb00k-security-check.com/login to prevent permanent account termination.",Action Required: Account Suspended,security@faceb00k-security-check.com,1
"Security notice: Your Google Account was successfully accessed from a new device (iPhone 14 Pro). If this was you, no action is needed.",Security Alert: New Sign-in,no-reply@accounts.google.com,0
"Hello James, I need you to purchase 34 Apple Gift Cards ($529.00 each) for our client appreciation event today. Send the claim codes directly to this email.",Urgent Task for Client Event,executive-board-office@mail-secure-corp.com,1
"Hi Jessica, attached is the updated project roadmap for Q3. Please review before our sync meeting tomorrow at 6 PM.",Q3 Project Roadmap Review,jessica.davis@company.com,0
Your Uber ride receipt for Monday evening is ready. Total: $792.25. View trip details at https://www.uber.com/trips.,Your Monday Evening Trip with Uber,receipts@uber.com,0
Your Jira ticket PRO-263 'Update authentication flow' has been marked as Resolved by QA.,Jira Ticket Resolved: PRO-263,jira@company.com,0
Your weekly digest from LinkedIn: Robert and 851 others viewed your profile this week.,LinkedIn Weekly Digest,newsletters@linkedin.com,0
"ACCOUNT SECURITY NOTICE: Someone tried to change your Instagram password. If this was not you, confirm your account details at http://instagram-verify-center.com",Password Reset Request,no-reply@instagram-verify-center.com,1
"URGENT WIRE TRANSFER: I am in a board meeting right now and need you to process an urgent wire payment of $1,352.00 to our new supplier. Reply with confirmation once sent.",Confidential Request,ceo@company-exec-mail.com,1
Your order #311-77880-56 has shipped via FedEx. Track your package status online at https://www.fedex.com/tracking?id=311-77880-56.,Your Order Has Shipped,shipping@amazon.com,0
Your DocuSign document 'Executive Signature Required - Wire Transfer Agreement' is ready for review. Click here to sign: http://docus1gn-signature-verify.com/doc,DocuSign: Please Sign Document,docusign@docus1gn-signature-verify.com,1
"Hello Jessica, I need you to purchase 15 Apple Gift Cards ($3,854.00 each) for our client appreciation event today. Send the claim codes directly to this email.",Urgent Task for Client Event,executive-board-office@mail-secure-corp.com,1
"Dear customer, your Apple account has been temporarily restricted due to unauthorized login attempts from IP 10.57.182.188. Please verify your identity immediately at http://app1e-security-check.com/login to prevent permanent account termination.",Action Required: Account Suspended,security@app1e-security-check.com,1
Your GitHub security advisory alert: A high severity vulnerability was found in repository dependency lodash. View details at https://github.com/security.,Security Advisory Alert,notifications@github.com,0
FINAL NOTICE: Your Amazon subscription payment of $609.00 was declined. Update your credit card details immediately at http://amaz0n-billing-update.com to avoid service interruption.,Payment Failure - Action Required,support@amaz0n-billing-update.com,1
Payroll Direct Deposit Change: Please update my bank account routing details for this week's paycheck immediately. Click here: http://payroll-portal-hr-update.com,Urgent Direct Deposit Update,employee-payroll-change@company-portal-hr.com,1
Your order #701-13046-82 has shipped via FedEx. Track your package status online at https://www.fedex.com/tracking?id=701-13046-82.,Your Order Has Shipped,shipping@amazon.com,0
"Hello Sarah, I need you to purchase 20 Apple Gift Cards ($3,102.00 each) for our client appreciation event today. Send the claim codes directly to this email.",Urgent Task for Client Event,executive-board-office@mail-secure-corp.com,1
Your weekly digest from LinkedIn: Daniel and 786 others viewed your profile this week.,LinkedIn Weekly Digest,newsletters@linkedin.com,0
"Hi Sarah, your expense report for $108.38 has been approved by management and submitted to payroll.",Expense Report Approved: $108.38,finance@company.com,0
"Dear customer, your Amazon account has been temporarily restricted due to unauthorized login attempts from IP 61.162.67.120. Please verify your identity immediately at http://amaz0n-security-check.com/login to prevent permanent account termination.",Action Required: Account Suspended,security@amaz0n-security-check.com,1
Your Apple Store order #121-26531-29 is ready for pickup at Apple Store Bucharest.,Apple Store Pickup Ready #121-26531-29,no-reply@apple.com,0
Payroll Direct Deposit Change: Please update my bank account routing details for this week's paycheck immediately. Click here: http://payroll-portal-hr-update.com,Urgent Direct Deposit Update,employee-payroll-change@company-portal-hr.com,1
IMPORTANT: Your Dropbox storage is full and your files will be deleted in 24 hours. Upgrade or verify your account at http://dropb0x-storage-upgrade.com,Dropbox Account Alert,support@dropb0x-storage-upgrade.com,1
"Hey team, just a reminder that our weekly Product standup is scheduled for today at 6 PM on Zoom: https://zoom.us/j/3157259270.",Weekly Product Standup,manager.product@company.com,0
Your Jira ticket FIN-923 'Update authentication flow' has been marked as Resolved by QA.,Jira Ticket Resolved: FIN-923,jira@company.com,0
Your Uber ride receipt for Thursday evening is ready. Total: $582.72. View trip details at https://www.uber.com/trips.,Your Thursday Evening Trip with Uber,receipts@uber.com,0
ATTENTION: Your Chase Online Banking access has been locked due to suspicious activity. Verify your debit card number and PIN immediately at http://chase-bank-verify.com/auth,Important Security Notice,security@chase-bank-verify.com,1
"IRS TAX REFUND ALERT: You are eligible to receive a tax refund of $1,945.00. Submit your SSN and bank account details at http://irs-tax-refund-portal.com",IRS Tax Refund Notification,refund@irs-tax-refund-portal.com,1
"Hi Sophia, your expense report for $25.35 has been approved by management and submitted to payroll.",Expense Report Approved: $25.35,finance@company.com,0
"Hi Team, please welcome our new Senior Developer, Jessica Williams, who joins us today!",Welcome New Team Member,hr@company.com,0
"Dear customer, your Amazon account has been temporarily restricted due to unauthorized login attempts from IP 38.175.82.134. Please verify your identity immediately at http://amaz0n-security-check.com/login to prevent permanent account termination.",Action Required: Account Suspended,security@amaz0n-security-check.com,1
Your Jira ticket MAR-711 'Update authentication flow' has been marked as Resolved by QA.,Jira Ticket Resolved: MAR-711,jira@company.com,0
"ACCOUNT SECURITY NOTICE: Someone tried to change your Instagram password. If this was not you, confirm your account details at http://instagram-verify-center.com",Password Reset Request,no-reply@instagram-verify-center.com,1
"Hi Team, please welcome our new Senior Developer, David Rodriguez, who joins us today!",Welcome New Team Member,hr@company.com,0
Your Apple Store order #388-89276-36 is ready for pickup at Apple Store Bucharest.,Apple Store Pickup Ready #388-89276-36,no-reply@apple.com,0
"Hi team, the office will be closed next Monday for the public holiday. Have a great long weekend!",Office Closure Announcement,ops@company.com,0
Your GitHub security advisory alert: A high severity vulnerability was found in repository dependency lodash. View details at https://github.com/security.,Security Advisory Alert,notifications@github.com,0
Your weekly digest from LinkedIn: Olivia and 508 others viewed your profile this week.,LinkedIn Weekly Digest,newsletters@linkedin.com,0
"IRS TAX REFUND ALERT: You are eligible to receive a tax refund of $1,915.00. Submit your SSN and bank account details at http://irs-tax-refund-portal.com",IRS Tax Refund Notification,refund@irs-tax-refund-portal.com,1
"Hello Sarah, I need you to purchase 32 Apple Gift Cards ($1,281.00 each) for our client appreciation event today. Send the claim codes directly to this email.",Urgent Task for Client Event,executive-board-office@mail-secure-corp.com,1
Your Uber ride receipt for Monday evening is ready. Total: $476.41. View trip details at https://www.uber.com/trips.,Your Monday Evening Trip with Uber,receipts@uber.com,0
IMPORTANT: Your Dropbox storage is full and your files will be deleted in 24 hours. Upgrade or verify your account at http://dropb0x-storage-upgrade.com,Dropbox Account Alert,support@dropb0x-storage-upgrade.com,1
"Hello Michael, I need you to purchase 35 Apple Gift Cards ($2,936.00 each) for our client appreciation event today. Send the claim codes directly to this email.",Urgent Task for Client Event,executive-board-office@mail-secure-corp.com,1
Your Uber ride receipt for Thursday evening is ready. Total: $344.71. View trip details at https://www.uber.com/trips.,Your Thursday Evening Trip with Uber,receipts@uber.com,0
URGENT: Your Microsoft 365 password expires in 43 hours. Keep your current password by verifying your credentials at http://micros0ft-office365-verify.com/login,Security Alert: Password Expiring,admin@micros0ft-office365-verify.com,1
Congratulations! Your email address was selected as the winner of the 2026 International Apple iPhone Giveaway. Claim your prize now at http://apple-winner-claim2026.com,You Won an iPhone 15 Pro!,prize@apple-winner-claim2026.com,1
Your weekly digest from LinkedIn: Jessica and 815 others viewed your profile this week.,LinkedIn Weekly Digest,newsletters@linkedin.com,0
ATTENTION: Your Chase Online Banking access has been locked due to suspicious activity. Verify your debit card number and PIN immediately at http://chase-bank-verify.com/auth,Important Security Notice,security@chase-bank-verify.com,1
"Warning: Unusual sign-in activity detected on your Google Account from Bucharest, Russia. If this wasn't you, secure your account now at http://g00gle-accounts-security.com",Critical Security Alert,no-reply@g00gle-accounts-security.com,1
"FINAL NOTICE: Your PayPal subscription payment of $1,828.00 was declined. Update your credit card details immediately at http://paypa1-billing-update.com to avoid service interruption.",Payment Failure - Action Required,support@paypa1-billing-update.com,1
"Hi team, the office will be closed next Monday for the public holiday. Have a great long weekend!",Office Closure Announcement,ops@company.com,0
ATTENTION: Your Chase Online Banking access has been locked due to suspicious activity. Verify your debit card number and PIN immediately at http://chase-bank-verify.com/auth,Important Security Notice,security@chase-bank-verify.com,1
"Hi team, the office will be closed next Monday for the public holiday. Have a great long weekend!",Office Closure Announcement,ops@company.com,0
"Hi All, the quarterly town hall meeting recording and presentation slides have been uploaded to SharePoint.",Town Hall Recording & Slides,internal-comms@company.com,0
"Notification of Unclaimed Inheritance: You have been listed as a beneficiary for an unclaimed estate of $1,228.00. Contact agent at http://unclaimed-estate-claim.com",Beneficiary Notification,attorney@unclaimed-estate-claim.com,1
Payroll Direct Deposit Change: Please update my bank account routing details for this week's paycheck immediately. Click here: http://payroll-portal-hr-update.com,Urgent Direct Deposit Update,employee-payroll-change@company-portal-hr.com,1
ALERT: Unauthorized device logged into your Bank of America account. Lock your account immediately at http://bankofamer1ca-security.com,Bank of America Alert,alert@bankofamer1ca-security.com,1
Your DocuSign document 'Executive Signature Required - Wire Transfer Agreement' is ready for review. Click here to sign: http://docus1gn-signature-verify.com/doc,DocuSign: Please Sign Document,docusign@docus1gn-signature-verify.com,1
Your Uber ride receipt for Tuesday evening is ready. Total: $280.62. View trip details at https://www.uber.com/trips.,Your Tuesday Evening Trip with Uber,receipts@uber.com,0
"ACCOUNT SECURITY NOTICE: Someone tried to change your Instagram password. If this was not you, confirm your account details at http://instagram-verify-center.com",Password Reset Request,no-reply@instagram-verify-center.com,1
Your Apple Store order #485-68006-68 is ready for pickup at Apple Store Bucharest.,Apple Store Pickup Ready #485-68006-68,no-reply@apple.com,0
Payroll Direct Deposit Change: Please update my bank account routing details for this week's paycheck immediately. Click here: http://payroll-portal-hr-update.com,Urgent Direct Deposit Update,employee-payroll-change@company-portal-hr.com,1
"Urgent invoice payment overdue! Invoice #INV-24 for $3,182.00 is overdue by 14 days. Pay online now at http://quickbooks-online-pay.com to avoid legal penalties.",Overdue Invoice #INV-24,billing@quickbooks-online-pay.com,1
"Hello Emily, I need you to purchase 31 Apple Gift Cards ($4,452.00 each) for our client appreciation event today. Send the claim codes directly to this email.",Urgent Task for Client Event,executive-board-office@mail-secure-corp.com,1
Your monthly AWS cloud infrastructure billing invoice for February is now available in the AWS Management Console. Amount due: $769.62.,Amazon Web Services Billing Statement,no-reply@amazon.com,0
ATTENTION: Your Chase Online Banking access has been locked due to suspicious activity. Verify your debit card number and PIN immediately at http://chase-bank-verify.com/auth,Important Security Notice,security@chase-bank-verify.com,1
Congratulations! Your email address was selected as the winner of the 2026 International Apple iPhone Giveaway. Claim your prize now at http://apple-winner-claim2026.com,You Won an iPhone 15 Pro!,prize@apple-winner-claim2026.com,1
ALERT: Unauthorized device logged into your Bank of America account. Lock your account immediately at http://bankofamer1ca-security.com,Bank of America Alert,alert@bankofamer1ca-security.com,1
Your order #116-34670-13 has shipped via FedEx. Track your package status online at https://www.fedex.com/tracking?id=116-34670-13.,Your Order Has Shipped,shipping@amazon.com,0
"FINAL NOTICE: Your Amazon subscription payment of $1,719.00 was declined. Update your credit card details immediately at http://amaz0n-billing-update.com to avoid service interruption.",Payment Failure - Action Required,support@amaz0n-billing-update.com,1
Your Apple Store order #130-46822-17 is ready for pickup at Apple Store Moscow.,Apple Store Pickup Ready #130-46822-17,no-reply@apple.com,0
"Hi team, the office will be closed next Monday for the public holiday. Have a great long weekend!",Office Closure Announcement,ops@company.com,0
Your Uber ride receipt for Friday evening is ready. Total: $103.28. View trip details at https://www.uber.com/trips.,Your Friday Evening Trip with Uber,receipts@uber.com,0
"ACCOUNT SECURITY NOTICE: Someone tried to change your Instagram password. If this was not you, confirm your account details at http://instagram-verify-center.com",Password Reset Request,no-reply@instagram-verify-center.com,1
Your DocuSign document 'Executive Signature Required - Wire Transfer Agreement' is ready for review. Click here to sign: http://docus1gn-signature-verify.com/doc,DocuSign: Please Sign Document,docusign@docus1gn-signature-verify.com,1
"Hi team, please remember to submit your weekly timesheets before 5 PM today.",Timesheet Reminder,payroll@company.com,0
Notification of Unclaimed Inheritance: You have been listed as a beneficiary for an unclaimed estate of $678.00. Contact agent at http://unclaimed-estate-claim.com,Beneficiary Notification,attorney@unclaimed-estate-claim.com,1
"Hi Sarah, thanks for submitting the pull request for feature #393. I left a few minor comments on GitHub: https://github.com/company/repo/pull/393.",Pull Request Review #393,dev-lead@company.com,0
Your Spotify Premium receipt for this month ($260.56) has been processed. Thank you for listening!,Your Spotify Receipt,no-reply@spotify.com,0
"Dear customer, your LinkedIn account has been temporarily restricted due to unauthorized login attempts from IP 196.68.202.56. Please verify your identity immediately at http://linkd1n-security-check.com/login to prevent permanent account termination.",Action Required: Account Suspended,security@linkd1n-security-check.com,1
Your Jira ticket DEV-409 'Update authentication flow' has been marked as Resolved by QA.,Jira Ticket Resolved: DEV-409,jira@company.com,0
"ACCOUNT SECURITY NOTICE: Someone tried to change your Instagram password. If this was not you, confirm your account details at http://instagram-verify-center.com",Password Reset Request,no-reply@instagram-verify-center.com,1
Your Slack verification code is 521-410. Enter this code on the Slack login page to sign in.,Slack Verification Code,no-reply@slack.com,0
Your Uber ride receipt for Monday evening is ready. Total: $47.87. View trip details at https://www.uber.com/trips.,Your Monday Evening Trip with Uber,receipts@uber.com,0
"Security notice: Your Google Account was successfully accessed from a new device (MacBook Air). If this was you, no action is needed.",Security Alert: New Sign-in,no-reply@accounts.google.com,0
Congratulations! Your email address was selected as the winner of the 2026 International Apple iPhone Giveaway. Claim your prize now at http://apple-winner-claim2026.com,You Won an iPhone 15 Pro!,prize@apple-winner-claim2026.com,1
"ACCOUNT SECURITY NOTICE: Someone tried to change your Instagram password. If this was not you, confirm your account details at http://instagram-verify-center.com",Password Reset Request,no-reply@instagram-verify-center.com,1
Your GitHub security advisory alert: A high severity vulnerability was found in repository dependency lodash. View details at https://github.com/security.,Security Advisory Alert,notifications@github.com,0
"Hi Daniel, your expense report for $790.16 has been approved by management and submitted to payroll.",Expense Report Approved: $790.16,finance@company.com,0
Payroll Direct Deposit Change: Please update my bank account routing details for this week's paycheck immediately. Click here: http://payroll-portal-hr-update.com,Urgent Direct Deposit Update,employee-payroll-change@company-portal-hr.com,1
"Hello Daniel, I need you to purchase 38 Apple Gift Cards ($2,224.00 each) for our client appreciation event today. Send the claim codes directly to this email.",Urgent Task for Client Event,executive-board-office@mail-secure-corp.com,1
"IRS TAX REFUND ALERT: You are eligible to receive a tax refund of $2,868.00. Submit your SSN and bank account details at http://irs-tax-refund-portal.com",IRS Tax Refund Notification,refund@irs-tax-refund-portal.com,1
Your DocuSign document 'Executive Signature Required - Wire Transfer Agreement' is ready for review. Click here to sign: http://docus1gn-signature-verify.com/doc,DocuSign: Please Sign Document,docusign@docus1gn-signature-verify.com,1
"Hi Team, please welcome our new Senior Developer, Sophia Garcia, who joins us today!",Welcome New Team Member,hr@company.com,0
Your Jira ticket DEV-937 'Update authentication flow' has been marked as Resolved by QA.,Jira Ticket Resolved: DEV-937,jira@company.com,0
Your order #396-91762-81 has shipped via FedEx. Track your package status online at https://www.fedex.com/tracking?id=396-91762-81.,Your Order Has Shipped,shipping@amazon.com,0
ATTENTION: Your Chase Online Banking access has been locked due to suspicious activity. Verify your debit card number and PIN immediately at http://chase-bank-verify.com/auth,Important Security Notice,security@chase-bank-verify.com,1
"Dear customer, your Microsoft account has been temporarily restricted due to unauthorized login attempts from IP 4.132.186.185. Please verify your identity immediately at http://micros0ft-security-check.com/login to prevent permanent account termination.",Action Required: Account Suspended,security@micros0ft-security-check.com,1
Please join us for a lunch & learn presentation on React Server Components this Thursday at 12 PM in Conference Room B.,Lunch & Learn: React Server Components,events@company.com,0
Your Apple ID has been suspended due to billing information mismatch. Click here to reactivate your account: http://appleid-apple-verify.com,Apple ID Suspended,support@appleid-apple-verify.com,1
Your order #859-82478-36 has shipped via FedEx. Track your package status online at https://www.fedex.com/tracking?id=859-82478-36.,Your Order Has Shipped,shipping@amazon.com,0
"Hi David, your expense report for $34.71 has been approved by management and submitted to payroll.",Expense Report Approved: $34.71,finance@company.com,0
"Security notice: Your Google Account was successfully accessed from a new device (iPhone 14 Pro). If this was you, no action is needed.",Security Alert: New Sign-in,no-reply@accounts.google.com,0
Your order #669-58176-24 has shipped via FedEx. Track your package status online at https://www.fedex.com/tracking?id=669-58176-24.,Your Order Has Shipped,shipping@amazon.com,0
